object,source_survey_name,source_survey_id,ref,Prot,e_Prot,ageMyr,e_ageMyr,TIC_ID,GaiaDR2_ID,GaiaDR3_ID,bp_rp,ebpminrp_gspphot,ruwe,parallax,bprp0
2MASS J00125703-7952073,2MASS,00125703-7952073,Mamonova2025,1.97,,45.0,,290496318.0,4.63451597292562e+18,4634515972925619968,2.5500946,0.0149,1.3387355,21.438033669287588,2.5351946
2MASS J00144767-6003477,2MASS,00144767-6003477,Mamonova2025,0.487,,45.0,,425933644.0,4.905813212878537e+18,4905813212878537216,2.82343,0.0,10.291623,23.11720994589449,2.82343
2MASS J00152752-6414545,2MASS,00152752-6414545,Mamonova2025,3.708,,45.0,,355766445.0,4.900372657545e+18,4900372657545000192,2.341236,0.0015,1.1015377,20.96968057647724,2.3397362
2MASS J00155556-6137519,2MASS,00155556-6137519,Mamonova2025,2.633,,45.0,,355767053.0,4.904674604163918e+18,4904674604163917696,2.7111025,,1.1905901,18.20790779337616,
2MASS J00172353-6645124,2MASS,00172353-6645124,Mamonova2025,6.575,,24.0,,394137224.0,4.707563810327288e+18,4707563810327288192,2.476882,,0.9501123,27.15664972613236,
2MASS J00235732-5531435,2MASS,00235732-5531435,Mamonova2025,0.651,,45.0,,281461138.0,4.920061410401734e+18,4920061410401733632,3.3166113,,1.3542836,24.03124381803308,
2MASS J00240376+2626299,2MASS,J00240376+2626299,LWRD,29.84,0.3,3097.0,242.0,437762482.0,2.8557431726583675e+18,2855743172658367360,2.9504957,,12.394174,26.037556802745428,
2MASS J00273330-6157169,2MASS,00273330-6157169,Mamonova2025,0.55,,45.0,,231910539.0,4.901934140151067e+18,4901934140151066624,3.0005732,,1.4242332,23.05053361054482,
2MASS J00275023-3233060,2MASS,00275023-3233060,Mamonova2025,4.902,,45.0,,251845153.0,2.315841869173294e+18,2315841869173294080,2.6841574,,1.8057306,28.54764582026202,
2MASS J00281434-3227556,2MASS,00281434-3227556,Mamonova2025,0.522,,24.0,,251846450.0,2.31584973755338e+18,2315849737553379840,3.3132763,,1.2196525,28.564846889620707,
2MASS J00284683-6751446,2MASS,00284683-6751446,Mamonova2025,0.6,,45.0,,38820496.0,4.703815338965473e+18,4703815338965472768,3.3683004,0.0002,1.0783511,22.66799174107081,3.3681004
2MASS J00302572-6236015,2MASS,00302572-6236015,Mamonova2025,1.43,,45.0,,231914259.0,4.900997562402606e+18,4900997562402605952,2.400735,,14.297866,22.344043765580963,
2MASS J00332438-5116433,2MASS,00332438-5116433,Mamonova2025,0.353,,45.0,,156002545.0,4.926142568697429e+18,4926142568697429376,2.7194958,0.0006,1.5160424,24.18776601352676,2.7188957
2MASS J00345120-6154583,2MASS,00345120-6154583,Mamonova2025,0.377,,45.0,,425940082.0,4.901802507993393e+18,4901802507993393664,1.4656391,0.0005,2.0809088,22.512490562727425,1.4651392
2MASS J00393579-3816584,2MASS,00393579-3816584,Mamonova2025,6.314,,45.0,,117874959.0,5.000558443376466e+18,5000558443376465408,2.2831287,,1.2757765,24.94921410589065,
2MASS J00394063-6224125,2MASS,00394063-6224125,Mamonova2025,0.381,,45.0,,234495456.0,4.90246805612537e+18,4902468056125369856,3.4754305,0.0015,1.2006757,26.631596110171053,3.4739306
2MASS J00421010-5444431,2MASS,00421010-5444431,Mamonova2025,1.78,,45.0,,281670243.0,4.920732799689112e+18,4920732799689111424,2.7417517,0.0035,1.5789168,22.78488515225928,2.7382517
2MASS J00421092-4252545,2MASS,00421092-4252545,Mamonova2025,3.734,,45.0,,80427281.0,4.980868526585951e+18,4980868526585951232,2.416603,0.0415,1.2922881,18.92051063525258,2.375103
2MASS J00422033-7747397,2MASS,00422033-7747397,Mamonova2025,2.6,,45.0,,394210384.0,4.635593356881799e+18,4635593356881798912,1.3110018,0.2012,0.9761378,20.083511966406803,1.1098018
2MASS J00425349-6117384,2MASS,00425349-6117384,Mamonova2025,1.04,,45.0,,234497476.0,4.903337254427228e+18,4903337254427228544,3.2750368,,1.3223504,23.077307244643716,
2MASS J00485254-6526330,2MASS,00485254-6526330,Mamonova2025,1.006,,45.0,,234506344.0,4.708637693885643e+18,4708637693885643136,2.7770329,,1.1752119,20.428948980695814,
2MASS J00493566-6347416,2MASS,00493566-6347416,Mamonova2025,4.963,,45.0,,234506911.0,4.709760363977075e+18,4709760363977074176,2.3277388,0.0011,1.1108044,21.785076071547483,2.3266387
2MASS J00501752+0837341,2MASS,00501752+0837341,Mamonova2025,1.02,,24.0,,266011945.0,2.581708281894978e+18,2581708281894978176,3.0011225,,2.0901017,16.311295604076008,
2MASS J01033563-5515561,2MASS,01033563-5515561,Mamonova2025,0.167,,45.0,,206502540.0,4.914632365579875e+18,4914632365579875200,3.4417458,,,,
2MASS J01134031-5939346,2MASS,01134031-5939346,Mamonova2025,0.323,,45.0,,206544316.0,4.909009394396454e+18,4909009394396454144,2.8899565,,1.2622318,23.33604072815009,
2MASS J01160045-6747311,2MASS,01160045-6747311,Mamonova2025,0.62,,45.0,,52194976.0,4.692567919129007e+18,4692567919129007360,3.10149,,1.2516804,14.76816292135711,
2MASS J01180670-6258591,2MASS,01180670-6258591,Mamonova2025,0.346,,45.0,,237880881.0,4.709338941785748e+18,4709338941785748480,3.501379,,1.1835426,21.775468769879144,
2MASS J01211297-6117281,2MASS,01211297-6117281,Mamonova2025,0.423,,45.0,,237883772.0,4.716440103274407e+18,4716440103274406528,3.0833855,,1.1968681,20.192231179462905,
2MASS J01224511-6318446,2MASS,01224511-6318446,Mamonova2025,0.457,,45.0,,237885807.0,4.712271339297039e+18,4712271339297039744,2.7544518,0.0002,1.3419656,22.052900810809465,2.7542517
2MASS J01233280-4113110,2MASS,01233280-4113110,Mamonova2025,0.736,,45.0,,41862041.0,4.984291478082944e+18,4984291478082944256,3.121543,,1.3596337,25.01214260835181,
2MASS J01253196-6646023,2MASS,01253196-6646023,Mamonova2025,0.26,,45.0,,52284854.0,4.704749786410139e+18,4704749786410138752,3.0462646,,1.4388866,21.622231907962764,
2MASS J01275875-6032243,2MASS,01275875-6032243,Mamonova2025,0.34,,45.0,,237910557.0,4.716574999607065e+18,4716574999607065088,3.0989294,,1.1742415,19.82047176991165,
2MASS J01380311-5904042,2MASS,01380311-5904042,Mamonova2025,1.8,,45.0,,230981685.0,4.717131661728535e+18,4717131661728534272,2.806882,0.0002,1.4206015,23.33299277941035,2.8066819
2MASS J01484087-4830519,2MASS,01484087-4830519,Mamonova2025,4.5,,149.0,,229147927.0,4.941706636824503e+18,4941706632527781504,2.1898718,0.0108,1.145983,25.61879187581069,2.179072
2MASS J01504543-5716488,2MASS,01504543-5716488,Mamonova2025,0.706,,45.0,,231020924.0,4.718894488105809e+18,4718894488105809024,3.7705688,,1.0932988,22.404311990238057,
2MASS J01505688-5844032,2MASS,01505688-5844032,Mamonova2025,1.635,,45.0,,231020638.0,4.717948633228036e+18,4717948633228035968,2.641471,0.0022,1.3889185,22.098246475368303,2.639271
2MASS J01511997+1324525,2MASS,01511997+1324525,Mamonova2025,3.06,,24.0,,404629742.0,2.575842627879031e+18,2575842627879030656,2.2439327,0.0038,1.4083922,26.37904682775203,2.2401328
2MASS J01521830-5950168,2MASS,01521830-5950168,Mamonova2025,6.5,,45.0,,231022874.0,4.717559779772987e+18,4717559779772987520,2.3131056,,1.189867,25.256342113595544,
2MASS J01532494-6833226,2MASS,01532494-6833226,Mamonova2025,0.6,,45.0,,232073492.0,4.694395410533462e+18,4694395410533461760,3.286024,0.0013,1.1067554,22.588225500930427,3.284724
2MASS J01564714-0021127,2MASS,01564714-0021127,Mamonova2025,0.543,,24.0,,423389014.0,2.507484130258715e+18,2507484130258715136,1.7341137,0.0462,1.22388,14.320881398640012,1.6879137
2MASS J02000918-8025009,2MASS,02000918-8025009,Mamonova2025,7.5,,45.0,,273789976.0,4.63203787987491e+18,4632037879874910080,1.3101645,0.0374,3.2312658,13.235763730748628,1.2727644
2MASS J02001277-0840516,2MASS,02001277-0840516,Mamonova2025,2.28,,45.0,,25001358.0,2.4632117147464243e+18,2463211714746424576,2.3968143,,2.0248907,27.18383102258466,
2MASS J02001992-6614017,2MASS,02001992-6614017,Mamonova2025,0.63,,45.0,,232083054.0,4.698166391819383e+18,4698166391819382272,3.0619583,,1.2940397,21.91219095760981,
2MASS J02045317-5346162,2MASS,02045317-5346162,Mamonova2025,0.7,,45.0,,219993473.0,4.743833232890124e+18,4743833232890124160,3.1021776,,1.5249168,22.08535920441569,
2MASS J02070176-4406380,2MASS,02070176-4406380,Mamonova2025,7.0,,45.0,,165941376.0,4.944355154177077e+18,4944355154177076864,2.6206818,,1.5832671,23.54674380847708,
2MASS J02105538-4603588,2MASS,02105538-4603588,Mamonova2025,1.11,,45.0,,7242537.0,4.943150845347892e+18,4943150845347891840,1.3369226,,4.4482846,12.342791650387584,
2MASS J02125819-5851182,2MASS,02125819-5851182,Mamonova2025,1.601,,45.0,,201753428.0,4.714952567121408e+18,4714952567121408256,2.344861,0.003,1.2785739,20.874164709823027,2.341861
2MASS J02130073+1803460,2MASS,02130073+1803460,Mamonova2025,0.997,,24.0,,306485634.0,8.082438249894374e+16,80824382498943744,3.0260868,,1.3519851,36.77961709039075,
2MASS J02133021-4654505,2MASS,02133021-4654505,Mamonova2025,0.43,,24.0,,300998506.0,4.942856382388078e+18,4942856382389905408,2.828968,,,,
2MASS J02153328-5627175,2MASS,02153328-5627175,Mamonova2025,0.16,,45.0,,201789285.0,4.742436853122727e+18,4742436853122727040,3.8254662,,1.1921947,21.98467393401815,
2MASS J02155892-0929121,2MASS,02155892-0929121,Mamonova2025,1.437,,45.0,,1031299.0,5.176144780975494e+18,5176144780975494144,2.4746017,,13.577773,24.009336435960208,
2MASS J02165488-2322133,2MASS,02165488-2322133,Mamonova2025,1.555,,24.0,,268862481.0,5.12306609766343e+18,5123066097663430016,2.7192898,,3.0080898,13.880830913316355,
2MASS J02175601+1225266,2MASS,02175601+1225266,Mamonova2025,2.16,,24.0,,408589330.0,7.303499115555546e+16,73034991155555456,2.6418438,,1.619817,15.903087695502707,
2MASS J02180960-6657524,2MASS,02180960-6657524,Mamonova2025,0.33,,45.0,,234305804.0,4.696427857777405e+18,4696427857777749248,3.3370419,,,,
2MASS J02205139-5823411,2MASS,02205139-5823411,Mamonova2025,1.281,,45.0,,201795667.0,4.738200056863234e+18,4738200056863233536,2.7247953,0.0174,1.3629507,22.859967435394605,2.7073953
2MASS J02224418-6022476,2MASS,02224418-6022476,Mamonova2025,1.154,,45.0,,382552502.0,4.713771622913507e+18,4713771622913507328,2.830285,0.0,1.3344165,35.51934607607408,2.830285
2MASS J02242453-7033211,2MASS,02242453-7033211,Mamonova2025,0.515,,45.0,,234333175.0,4.645306786198366e+18,4645306786198365696,3.0582228,,1.2870612,22.70018961892043,
2MASS J02294569-5541496,2MASS,02294569-5541496,Mamonova2025,0.49,,45.0,,201857950.0,4.739713087942439e+18,4739713087942439168,3.434617,,,,
2MASS J02303239-4342232,2MASS,02303239-4342232,Mamonova2025,8.8,,45.0,,142178693.0,4.94663385766619e+18,4946633857666189952,1.505641,,19.74067,18.533714101187137,
2MASS J02341866-5128462,2MASS,02341866-5128462,Mamonova2025,0.461,,45.0,,166787846.0,4.74545961674618e+18,4745459616746179200,3.1618586,,1.3272073,23.344019030778774,
2MASS J02344773-2222451,2MASS,02344773-2222451,Mamonova2025,0.54,,24.0,,64068679.0,5.126371500198662e+18,5126371500198661632,2.196085,,2.3329005,15.735458506058018,
2MASS J02365171-5203036,2MASS,02365171-5203036,Mamonova2025,0.739,,42.0,,166808151.0,4.745195905754074e+18,4745195905754074496,2.360097,,1.2651145,25.747189889502792,
2MASS J02371574-2222590,2MASS,02371574-2222590,Mamonova2025,3.89,,24.0,,64105291.0,5.125644108832905e+18,5125644108832905344,1.9004412,,13.762691,14.166594251616822,
2MASS J02383255-7528065,2MASS,02383255-7528065,Mamonova2025,0.632,,45.0,,238876720.0,4.640154440351269e+18,4640154440351268992,3.377059,,1.1602831,18.09614789636484,
2MASS J02412721-3049149,2MASS,02412721-3049149,Mamonova2025,0.524,,45.0,,122608433.0,5.065500341757331e+18,5065500341757331712,3.231391,,1.2279241,22.200903694045262,
2MASS J02414683-5259523,2MASS,02414683-5259523,Mamonova2025,0.56,,45.0,,166852312.0,4.742040410461492e+18,4742040410461492096,1.740201,,4.115048,22.93705092275966,
2MASS J02420204-5359147,2MASS,02420204-5359147,Mamonova2025,0.223,,45.0,,201898222.0,4.741424237273655e+18,4741424237273655040,3.2111578,,1.290258,23.687332109365578,
2MASS J02420404-5359000,2MASS,02420404-5359000,Mamonova2025,0.568,,45.0,,201898220.0,4.741424615230777e+18,4741424615230777216,3.1582594,,8.183479,23.70239517566476,
2MASS J02423301-5739367,2MASS,02423301-5739367,Mamonova2025,7.183,,45.0,,201919099.0,4.726518501732728e+18,4726518501732727936,1.5847492,0.0007,1.0008432,20.109069402954734,1.5840492
2MASS J02442137+1057411,2MASS,02442137+1057411,Mamonova2025,1.658,,24.0,,381131055.0,2.2338644598132096e+16,22338644598132096,1.9487095,,8.382321,20.777166793388957,
2MASS J02450826-0708120,2MASS,02450826-0708120,Mamonova2025,0.593,,24.0,,36762220.0,5.177677603263978e+18,5177677603263978880,3.1077318,,1.2990367,14.664856164420064,
2MASS J02474639-5804272,2MASS,02474639-5804272,Mamonova2025,10.274,,45.0,,201938513.0,4.72793583664407e+18,4727935836644070656,2.3938694,0.0007,1.4019355,22.41344583167375,2.3931694
2MASS J02485260-3404246,2MASS,02485260-3404246,Mamonova2025,0.451,,24.0,,122671519.0,5.050649616159457e+18,5050649616159457280,2.840517,,4.046501,23.984072349535484,
2MASS J02490228-1029220,2MASS,02490228-1029220,Mamonova2025,4.7,,24.0,,36831336.0,5.17282091866942e+18,5172820918669419520,2.2839203,,5.1987133,14.203929944521024,
2MASS J02492136-4416063,2MASS,02492136-4416063,Mamonova2025,2.387,,24.0,,146636926.0,4.947259307983421e+18,4947259307983420928,2.6860723,,1.2529931,31.58791236084246,
2MASS J02502222-6545552,2MASS,02502222-6545552,Mamonova2025,1.289,,45.0,,220523369.0,4.696042268497964e+18,4696042268497964032,2.803937,0.0005,1.467424,19.708997601203126,2.803437
2MASS J02505959-3409050,2MASS,02505959-3409050,Mamonova2025,0.49,,45.0,,178155030.0,5.050451154310013e+18,5050451154310013056,2.911603,,1.2897246,21.334865784158417,
2MASS J02523096-1548357,2MASS,02523096-1548357,Mamonova2025,5.8,,24.0,,30017457.0,5.156815675796805e+18,5156815675796804224,2.4201813,0.2969,10.730948,9.183608417562736,2.1232812
2MASS J02553178-5702522,2MASS,02553178-5702522,Mamonova2025,0.493,,45.0,,207138379.0,4.727920241619207e+18,4727920241619206912,3.2650442,,1.2711228,21.889704117483245,
2MASS J02560388-0036332,2MASS,02560388-0036332,Mamonova2025,1.06,,24.0,,439874904.0,2.4978585630881203e+18,2497858563088120448,3.388525,0.0001,1.3825071,61.867959111239614,3.388425
2MASS J02564708-6343027,2MASS,02564708-6343027,Mamonova2025,0.595,,45.0,,220556639.0,4.721078629298086e+18,4721078629298085760,2.8487968,,3.0160224,17.0094412708018,
2MASS J02590284-6120000,2MASS,02590284-6120000,Mamonova2025,0.97,,45.0,,220558700.0,4.72196281274173e+18,4721962812741729792,2.9756508,,1.3802253,13.310261018269191,
2MASS J03033668-2535329,2MASS,03033668-2535329,Mamonova2025,5.0,,24.0,,88416301.0,5.073000900844652e+18,5073000900844651776,1.9906483,,7.498563,27.61804384070928,
2MASS J03050556-5317182,2MASS,03050556-5317182,Mamonova2025,0.444,,45.0,,339607562.0,4.734936122236789e+18,4734936122236789120,3.2936382,,1.2789296,22.50107084393793,
2MASS J03050976-3725058,2MASS,03050976-3725058,Mamonova2025,2.988,,45.0,,165124012.0,5.045153363689822e+18,5045153363689822080,2.3079214,,,,
2MASS J03074682+2457555,2MASS,03074682+2457555,Mamonova2025,4.3,,24.0,,34854348.0,1.1173165435744282e+17,111731654357442816,3.0723648,,1.5795689,38.816151119414975,
2MASS J03083950-3844363,2MASS,03083950-3844363,Mamonova2025,0.689,,45.0,,165162811.0,5.04476925617466e+18,5044769256174659456,3.1013947,,1.130069,17.773729002285975,
2MASS J03104941-3616471,2MASS,03104941-3616471,Mamonova2025,0.66,,45.0,,165184400.0,5.046815924054175e+18,5046815924054174848,3.0193357,,1.2434089,23.10958707617052,
2MASS J03114544-4719501,2MASS,03114544-4719501,Mamonova2025,4.88,,45.0,,152970890.0,4.750820491845428e+18,4750820491845428480,3.027257,,1.449683,22.415014623506742,
2MASS J03204757-5041330,2MASS,03204757-5041330,Mamonova2025,6.2,,45.0,,200767965.0,4.737112944804903e+18,4737112944804903040,2.3335876,0.0139,1.0902954,22.80582809732299,2.3196876
2MASS J03241504-5901125,2MASS,03241504-5901125,Mamonova2025,3.76,,42.0,,197787320.0,4.723899224517493e+18,4723899224517492992,1.652236,0.0133,2.8631818,11.935938193747983,1.638936
2MASS J03244056-3904227,2MASS,03244056-3904227,Mamonova2025,22.4,,45.0,,160008866.0,4.853494193317167e+18,4853494193317166848,2.81147,,1.3679862,21.33237312845684,
2MASS J03282609-0537361,2MASS,03282609-0537361,Mamonova2025,1.06,,24.0,,279225873.0,3.24823655998e+18,3248236559980000512,2.8619738,,1.4279735,35.76242415757404,
2MASS J03291649-3702502,2MASS,03291649-3702502,Mamonova2025,0.541,,45.0,,308305105.0,4.859766769714787e+18,4859766769714787072,3.053234,,1.3511479,23.479043124461644,
2MASS J03315564-4359135,2MASS,03315564-4359135,Mamonova2025,2.912,,45.0,,79566479.0,4.848412521155009e+18,4848412525451859328,1.7154455,,1.8113875,22.167463530873928,
2MASS J03320347-5139550,2MASS,03320347-5139550,Mamonova2025,5.414,,42.0,,200806186.0,4.736393250021663e+18,4736393250021662976,2.2995691,0.1912,1.1482506,13.105729822861749,2.108369
2MASS J03363144-2619578,2MASS,03363144-2619578,Mamonova2025,0.2,,24.0,,144653213.0,5.084713036143375e+18,5084713036143375744,3.7007866,,4.669819,21.67856097177205,
2MASS J03364764-5545081,2MASS,03364764-5545081,Mamonova2025,3.001,,24.0,,197829751.0,4.730672387943135e+18,4730672387943135616,2.8343868,0.0001,1.5016403,33.82650301265995,2.834287
2MASS J03393700+4531160,2MASS,03393700+4531160,Mamonova2025,3.352,,24.0,,65644951.0,2.4473476560836314e+17,244734765608363136,2.8542824,,1.291808,24.82053292010995,
2MASS J03415608-5542408,2MASS,03415608-5542408,Mamonova2025,1.69,,24.0,,197866266.0,4.73140074567708e+18,4731400745677079808,3.0377731,,1.2340308,36.813470942331726,
2MASS J03454058-7509121,2MASS,03454058-7509121,Mamonova2025,0.7,,24.0,,238194430.0,4.628964641797092e+18,4628964641797092352,2.8725452,,1.2589391,17.517915664597638,
2MASS J03512287-5154582,2MASS,03512287-5154582,Mamonova2025,0.41,,45.0,,206478549.0,4.829047067669501e+18,4829047067669501056,3.077941,,9.959621,18.03253490967367,
2MASS J03561624-3915219,2MASS,03561624-3915219,Mamonova2025,3.9,,45.0,,140205777.0,4.843589861293703e+18,4843589861294177536,3.3230228,,6.0779333,17.769890423174623,
2MASS J04000382-2902165,2MASS,04000382-2902165,Mamonova2025,4.5,,45.0,,44670258.0,4.888246251178417e+18,4888246251178417024,1.4537764,,11.928194,19.771038131945694,
2MASS J04021648-1521297,2MASS,04021648-1521297,Mamonova2025,3.8,,45.0,,70596114.0,5.109911781067864e+18,5109911781067864064,1.2218828,,1.0411612,18.28162006613377,
2MASS J04053964-4014103,2MASS,04053964-4014103,Mamonova2025,0.44,,45.0,,404484288.0,4.843959091042177e+18,4843959091042621312,2.9429522,,6.1733637,19.924034421066125,
2MASS J04074372-6825111,2MASS,04074372-6825111,Mamonova2025,1.018,,45.0,,25118964.0,4.668269708587378e+18,4668269708587377664,2.705843,,1.2964587,16.387926296936673,
2MASS J04080707-7127009,2MASS,04080707-7127009,Mamonova2025,5.2,,24.0,,25132999.0,4.653866999617253e+18,4653866999617253376,1.8246317,0.0041,1.0228227,17.323639830981925,1.8205317
2MASS J04082685-7844471,2MASS,04082685-7844471,Mamonova2025,3.087,,45.0,,302965929.0,4.625883599760006e+18,4625883599760005760,1.912921,0.0003,1.0209252,17.33187586265554,1.9126209
2MASS J04091413-4008019,2MASS,04091413-4008019,Mamonova2025,3.275,,42.0,,160142472.0,4.843859619599389e+18,4843859619599388928,2.6783142,0.3364,1.3071729,13.2570565010624,2.3419142
2MASS J04133609-4413325,2MASS,04133609-4413325,Mamonova2025,0.778,,45.0,,152505948.0,4.838601651916263e+18,4838601651916263040,2.8845634,,1.3905016,19.21834684384036,
2MASS J04141358+2812492,2MASS,04141358+2812492,Mamonova2025,5.268,,4.5,,56624887.0,1.6318436613080947e+17,163184366130809472,2.2684145,0.0008,1.6302466,7.575347285477452,2.2676146
2MASS J04160235+3325301,2MASS,J04160235+3325301,LWRD,4.77,0.05,179.0,16.0,85850299.0,1.697281439451643e+17,169728143945164288,2.4197903,1.581,1.172131,9.595342469179094,0.8387903
2MASS J04173372+2820468,2MASS,04173372+2820468,Mamonova2025,4.33,,4.5,,58177093.0,1.6469863416013926e+17,164698634160139264,2.2111511,0.1788,1.4416374,7.915844179361858,2.032351
2MASS J04173893+2833005,2MASS,04173893+2833005,Mamonova2025,1.417,,4.5,,58229237.0,1.6470536866885312e+17,164705368668853120,2.3079243,,1.9191893,7.56358454615243,
2MASS J04175717-3827038,2MASS,04175717-3827038,Mamonova2025,0.96,,24.0,,7647775.0,4.868409068547918e+18,4868409068547917696,2.6323547,,,,
2MASS J04192625+2826142,2MASS,04192625+2826142,Mamonova2025,5.482,,4.5,,58288494.0,1.645044672786441e+17,164504467278644096,2.1298752,1.3267,1.32678,7.734234067660837,0.8031752
2MASS J04202606+2804089,2MASS,04202606+2804089,Mamonova2025,2.888,,4.5,,58366488.0,1.6444543724815283e+17,164445437248152832,2.6381855,0.3844,1.1751461,7.810953090954392,2.2537856
2MASS J04213904-7233562,2MASS,04213904-7233562,Mamonova2025,4.613,,45.0,,33864387.0,4.6535173162643e+18,4653517316264299904,2.4707346,0.0006,1.5300982,18.65810571272847,2.4701345
2MASS J04233919+2456141,2MASS,04233919+2456141,Mamonova2025,5.386,,4.5,,58544652.0,1.496237112694254e+17,149623711269425408,2.5692177,2.0235,1.3265878,7.681217545084896,0.5457177
2MASS J04240094-5512223,2MASS,04240094-5512223,Mamonova2025,1.56,,45.0,,396731889.0,4.778915109878775e+18,4778915109878774912,2.4628305,0.307,2.0170093,13.24825836164213,2.1558306
2MASS J04245708+2711565,2MASS,04245708+2711565,Mamonova2025,5.492,,4.5,,58606534.0,1.5222649151319565e+17,152226491513195648,2.0232954,1.273,1.3002605,7.729192506935455,0.7502954
2MASS J04261711-3757338,2MASS,04261711-3757338,Mamonova2025,0.787,,24.0,,7738623.0,4.865484642495988e+18,4865484642495988224,1.572403,0.0002,1.0978307,20.423656877851624,1.5722029
2MASS J04294155+2632582,2MASS,04294155+2632582,Mamonova2025,5.413,,4.5,,268148971.0,1.5137420249807987e+17,151374202498079872,2.0523481,,1.5009322,7.4935948412810784,
2MASS J04311444+2710179,2MASS,04311444+2710179,Mamonova2025,5.981,,4.5,,268283585.0,1.5179308206852186e+17,151793082068521856,1.8792543,0.6776,1.0399173,7.873376961757271,1.2016543
2MASS J04320329+2528078,2MASS,04320329+2528078,Mamonova2025,2.386,,4.5,,268325250.0,1.5102899020647808e+17,151028990206478080,4.072489,,1.499869,7.875706408544868,
2MASS J04322548-3903153,2MASS,04322548-3903153,Mamonova2025,2.01,,24.0,,77156678.0,4.86475346726362e+18,4864753467263620224,2.7314472,0.0,1.2323787,30.91656857099088,2.7314472
2MASS J04323176+2420029,2MASS,04323176+2420029,Mamonova2025,6.785,,4.5,,268397430.0,1.4779601370418893e+17,147796013704188928,2.8565454,2.1968,1.5235993,7.737149113608998,0.65974545
2MASS J04353618-2527347,2MASS,04353618-2527347,Mamonova2025,2.785,,24.0,,178947176.0,4.89431544798768e+18,4894315447987680640,2.7076273,0.0,1.2818245,59.59993048652432,2.7076273
2MASS J04382858+2610494,2MASS,04382858+2610494,Mamonova2025,8.89,,4.5,,150002984.0,1.4844991388429453e+17,148449913884294528,2.0589037,1.171,2.0346773,7.219288747537495,0.8879037
2MASS J04385859+2336351,2MASS,04385859+2336351,Mamonova2025,1.679,,4.5,,118679348.0,1.4676776417392333e+17,146767764173923328,3.6538324,,1.1120814,7.895900622087726,
2MASS J04390940+2324007,2MASS,04390940+2324007,Mamonova2025,6.619,,4.5,,118679163.0,1.4670873414343757e+17,146708734143437568,2.2713041,0.318,1.1997098,7.960906920821039,1.9533042
2MASS J04400675+2536457,2MASS,04400675+2536457,Mamonova2025,5.0,,750.0,,150061104.0,1.4818465670434035e+17,148184656704340352,2.5761738,,1.2181073,23.36486408762095,
2MASS J04422101+2520343,2MASS,04422101+2520343,Mamonova2025,1.91,,4.5,,150173438.0,1.4811291357065357e+17,148112913570653568,3.5547476,,1.1983398,7.108381620114149,
2MASS J04435860-3643188,2MASS,04435860-3643188,Mamonova2025,1.61,,45.0,,77339881.0,4.866413317504891e+18,4866413317504891392,2.8875341,,1.2931433,18.872982269674885,
2MASS J04440099-6624036,2MASS,04440099-6624036,Mamonova2025,7.824,,45.0,,294754396.0,4.662589219211976e+18,4662589219211975296,1.9495726,,1.0001541,16.643113902259373,
2MASS J04440824-4406473,2MASS,04440824-4406473,Mamonova2025,9.93,,45.0,,200441011.0,4.814443246854579e+18,4814443246854579072,2.1864405,,1.0112165,19.85628717239286,
2MASS J04464970-6034109,2MASS,04464970-6034109,Mamonova2025,0.32,,50.0,,55497266.0,4.677731349742482e+18,4677731349742482176,2.2649307,0.0019,0.9254351,40.73442075588356,2.2630308
2MASS J04470041-5134405,2MASS,04470041-5134405,Mamonova2025,6.133,,45.0,,259542669.0,4.784114803446931e+18,4784114803446931200,2.4348373,,1.378631,17.112637037555576,
2MASS J04480066-5041255,2MASS,04480066-5041255,Mamonova2025,8.49,,45.0,,259573397.0,4.784584668571801e+18,4784584668571800960,1.8256712,0.0301,1.5414867,17.1941264681166,1.7955712
2MASS J04515303-4647309,2MASS,04515303-4647309,Mamonova2025,2.85,,45.0,,161476011.0,4.78690024005986e+18,4786900240059859968,2.0981932,0.2344,2.5292444,11.960071843084092,1.8637931
2MASS J04595855-0333123,2MASS,04595855-0333123,Mamonova2025,4.3,,24.0,,213036756.0,3.213122208743219e+18,3213122208743219200,2.6816864,,31.407427,22.25781855737338,
2MASS J05011802+2237015,2MASS,J05011802+2237015,LWRD,70.67,0.71,4528.0,797.0,69051805.0,3.418324583527645e+18,3418324583527645440,3.504158,,1.393303,69.88824856836183,
2MASS J05015746-0656459,2MASS,J05015746-0656459,LWRD,94.75,0.95,5662.0,1355.0,43605290.0,3.1871154988666757e+18,3187115498866675456,3.0327492,,1.1008298,186.04662779359128,
2MASS J05015746-0656459,2MASS,J05015746-0656459,LWRD,94.75,0.95,5662.0,1355.0,471012347.0,3.1871154988666757e+18,3187115498866675456,3.0327492,,1.1008298,186.04662779359128,
2MASS J05111098-4903597,2MASS,05111098-4903597,Mamonova2025,2.21,,42.0,,219396049.0,4.773708200768145e+18,4773708200768145664,2.6849966,,1.3312722,14.185232216715177,
2MASS J05142878-1514546,2MASS,05142878-1514546,Mamonova2025,3.55,,24.0,,188969240.0,2.983526111937415e+18,2983526111937415040,2.7773886,0.3721,1.2026119,13.225923283675002,2.4052887
2MASS J05172292-3521545,2MASS,05172292-3521545,Mamonova2025,1.925,,24.0,,77957301.0,4.822636399484229e+18,4822636399484228224,2.8111095,,17.883001,85.45190598238578,
2MASS J05195695-1124440,2MASS,05195695-1124440,Mamonova2025,4.3,,24.0,,24518895.0,2.989206326445904e+18,2989206326445903616,2.5142078,0.0832,1.2988499,14.2403912302874,2.4310079
2MASS J05240991-4223054,2MASS,05240991-4223054,Mamonova2025,4.3,,24.0,,7417615.0,4.806531504778015e+18,4806531509075189632,2.1020746,,5.890876,8.593197601295524,
2MASS J05241317-2104427,2MASS,05241317-2104427,Mamonova2025,4.16,,24.0,,393794445.0,2.968166003220174e+18,2968166003220173696,2.707221,,1.2924142,17.159402382272855,
2MASS J05294468-3239141,2MASS,05294468-3239141,Mamonova2025,1.53,,24.0,,24452802.0,2.901786974419551e+18,2901786974419551488,3.0310059,,1.2123904,33.599383031038734,
2MASS J05320450-0305291,2MASS,05320450-0305291,Mamonova2025,4.374,,24.0,,50745582.0,3.216729573251962e+18,3216729573251961856,2.2660027,,33.49796,27.221039825331268,
2MASS J05332558-5117131,2MASS,05332558-5117131,Mamonova2025,5.189,,45.0,,235056185.0,4.793327233418051e+18,4793327233418050176,1.8092527,0.027,0.9670179,18.559930069813927,1.7822528
2MASS J05332802-4257205,2MASS,05332802-4257205,Mamonova2025,1.24,,24.0,,302962949.0,4.805600119646735e+18,4805600119646735616,3.0009775,,11.767297,95.93197430133851,
2MASS J05381615-6923321,2MASS,05381615-6923321,Mamonova2025,1.183,,149.0,,277298771.0,4.657651793560006e+18,4657651793560005632,1.9960337,,0.7646674,18.905045328222336,
2MASS J05392505-4245211,2MASS,05392505-4245211,Mamonova2025,5.389,,42.0,,220622233.0,4.803022688295733e+18,4803022688295732992,2.3517075,,1.2099383,20.269244451093364,
2MASS J05395494-1307598,2MASS,05395494-1307598,Mamonova2025,1.9,,24.0,,46625172.0,3.0086555532692603e+18,3008655553269260032,2.5346603,0.3046,1.140124,12.733973327324252,2.2300603
2MASS J05421278-3738180,2MASS,05421278-3738180,Mamonova2025,5.4,,45.0,,21444273.0,4.808702322985185e+18,4808702322985185280,2.042225,,1.0919313,17.619120948802035,
2MASS J05422387-2758031,2MASS,05422387-2758031,Mamonova2025,2.38,,24.0,,32644711.0,2.907717843219727e+18,2907717843219726848,2.8783455,,1.2430902,15.190580069138012,
2MASS J05425587-0718382,2MASS,05425587-0718382,Mamonova2025,0.487,,24.0,,279640409.0,3.015860275008838e+18,3015860275008838272,2.6512203,0.3382,6.228497,11.832827901072122,2.3130202
2MASS J05432676-3025129,2MASS,05432676-3025129,Mamonova2025,0.842,,24.0,,100481123.0,2.903814611300495e+18,2903814611300494720,1.9476843,0.0532,1.1207469,11.53166286452285,1.8944843
2MASS J05471788-2856130,2MASS,05471788-2856130,Mamonova2025,0.45,,24.0,,32816814.0,2.904575778287588e+18,2904575778287587968,2.755149,,8.571645,16.437677129751116,
2MASS J05531299-4505119,2MASS,05531299-4505119,Mamonova2025,4.162,,149.0,,151584725.0,4.801730010515511e+18,4801730010515510784,2.0099497,,1.1146793,32.0229022380493,
2MASS J05564066-1018378,2MASS,05564066-1018378,Mamonova2025,1.65,,24.0,,67160409.0,2.9992542134536786e+18,2999254213453678720,2.7754078,0.0,1.2657638,62.839589174111936,2.7754078
2MASS J06112997-7213388,2MASS,06112997-7213388,Mamonova2025,5.548,,24.0,,141807839.0,5.266182443853175e+18,5266182443853174784,2.8372355,,,,
2MASS J06180730+7506032,2MASS,06180730+7506032,Mamonova2025,0.538,,24.0,,138168262.0,1.1158984784958863e+18,1115898478495886464,2.207634,,9.024629,31.68791531122468,
2MASS J06224133-2737531,2MASS,06224133-2737531,Mamonova2025,9.75,,24.0,,49672084.0,2.898608526823037e+18,2898608526823037184,2.708125,0.0,1.4132496,37.18468731651341,2.708125
2MASS J06234024-7504327,2MASS,06234024-7504327,Mamonova2025,1.15,,24.0,,141975926.0,5.261761930366088e+18,5261761930366088320,2.5252523,,2.8468254,15.135547909648178,
2MASS J06352229-5737349,2MASS,06352229-5737349,Mamonova2025,6.954,,24.0,,348839788.0,5.484571119849822e+18,5484571119849822464,1.9661341,,1.0903549,42.745215550881625,
2MASS J06362522+4349473,2MASS,06362522+4349473,Mamonova2025,1.589,,24.0,,190332444.0,9.641779341299176e+17,964177934129917696,2.7342415,,1.270389,19.90442817197356,
2MASS J06373215-2823125,2MASS,06373215-2823125,Mamonova2025,7.1,,24.0,,172255639.0,2.895507384340008e+18,2895507384340007936,2.414425,,1.5653214,23.34490615484507,
2MASS J06380031-4056011,2MASS,06380031-4056011,Mamonova2025,3.36,,50.0,,147948930.0,5.569783309659511e+18,5569783309659510400,2.8023605,,1.2820922,25.9297020454803,
2MASS J06575703+6219197,2MASS,J06575703+6219197,LWRD,54.5,0.55,3899.0,513.0,88384320.0,1.0992886330741632e+18,1099288633074163328,3.2702894,,1.9316465,87.03112634346951,
2MASS J07013884-6236059,2MASS,07013884-6236059,Mamonova2025,3.915,,24.0,,167891320.0,5.286760525517038e+18,5286760525517037568,2.0294418,0.2102,1.4142228,11.35862675518396,1.8192419
2MASS J07065772-5353463,2MASS,07065772-5353463,Mamonova2025,2.864,,42.0,,293968698.0,5.49150684349585e+18,5491506843495850240,1.8659029,,0.9872,21.36064438321851,
2MASS J07170438-6311123,2MASS,07170438-6311123,Mamonova2025,0.28,,42.0,,349273278.0,5.285793436321718e+18,5285793436321718144,2.299755,,2.704721,15.457526332190987,
2MASS J07420784-6243554,2MASS,07420784-6243554,Mamonova2025,1.843,,24.0,,350142099.0,5.288949863624851e+18,5288949863624851200,2.8443708,0.0,1.2064464,38.49258746755229,2.8443708
2MASS J07491271-7642065,2MASS,07491271-7642065,Mamonova2025,2.82,,24.0,,272232401.0,5.213167330349528e+18,5213167330349528064,2.5644093,0.0,1.0714872,91.82632072954252,2.5644093
2MASS J08185942-7239561,2MASS,08185942-7239561,Mamonova2025,6.649,,45.0,,287584993.0,5.221009695816673e+18,5221009695816673536,1.8792534,0.0019,1.1845127,12.444237691209464,1.8773534
2MASS J08224744-5726530,2MASS,08224744-5726530,Mamonova2025,1.17,,24.0,,342888849.0,5.315595737654226e+18,5315595737654226304,3.0491724,0.0,2.2877579,77.6317258540173,3.0491724
2MASS J08412528-5736021,2MASS,08412528-5736021,Mamonova2025,2.65,,24.0,,45302816.0,5.314991556010306e+18,5314991556010305024,2.5165224,,1.6057644,13.710561907405015,
2MASS J08422710-7857479,2MASS,08422710-7857479,Mamonova2025,3.1,,24.0,,323292535.0,5.209037736474705e+18,5209037736474704512,2.864028,0.4422,1.271774,10.152221176913145,2.421828
2MASS J08423879-7854427,2MASS,08423879-7854427,Mamonova2025,1.84,,24.0,,323292484.0,5.209038423669475e+18,5209038423669475712,2.502389,0.3074,1.5248443,10.193333540815678,2.194989
2MASS J08441637-7859080,2MASS,08441637-7859080,Mamonova2025,1.92,,24.0,,323350447.0,5.209025366968906e+18,5209025366968905856,3.128312,,,,
2MASS J08465879-7246588,2MASS,08465879-7246588,Mamonova2025,9.386,,149.0,,397188848.0,5.220352638838228e+18,5220352638838227584,1.8547916,,1.1867169,21.94564858470373,
2MASS J08475676-7854532,2MASS,08475676-7854532,Mamonova2025,1.254,,24.0,,323354786.0,5.20911830576562e+18,5209118305765620096,2.4591885,,2.726142,10.283699328372531,
2MASS J08521813-1913169,2MASS,08521813-1913169,Mamonova2025,3.158,,24.0,,51867348.0,5.704769390127989e+18,5704769390127988224,2.1641312,,1.4727862,21.61778697886267,
2MASS J08524466+2230523,2MASS,08524466+2230523,Mamonova2025,2.54,,24.0,,197214814.0,6.861708858126808e+17,686170885812680832,2.6765747,0.0429,1.2160407,30.65269876269917,2.6336746
2MASS J09032434-6348330,2MASS,09032434-6348330,Mamonova2025,1.29,,24.0,,357023705.0,5.29710060774408e+18,5297100607744079872,1.9494638,0.1348,1.1511767,12.817613398580658,1.8146639
2MASS J09123564-1517033,2MASS,09123564-1517033,Mamonova2025,5.079,,24.0,,307770692.0,5.731289881171737e+18,5731289881171736832,2.0126457,,1.4033636,21.982590054737997,
2MASS J09152912-7608471,2MASS,09152912-7608471,Mamonova2025,4.268,,5.0,,452448437.0,5.215814919990121e+18,5215814919990121856,1.775631,0.7575,5.5928617,9.022480003699355,1.018131
2MASS J09164398-2447428,2MASS,09164398-2447428,Mamonova2025,2.599,,24.0,,70563385.0,5.650465782142675e+18,5650465782142674944,2.0440207,,13.700219,23.022533075854007,
2MASS J09180165-5452332,2MASS,09180165-5452332,Mamonova2025,0.37,,24.0,,386411251.0,5.310606287025188e+18,5310606291358320512,3.1587448,,5.3204064,19.39624127926681,
2MASS J09315840-6209258,2MASS,09315840-6209258,Mamonova2025,1.93,,24.0,,360779428.0,5.250988846733325e+18,5250988846733325312,2.6877708,0.3679,1.3104504,12.753475753465288,2.319871
2MASS J09331427-4848331,2MASS,09331427-4848331,Mamonova2025,0.403,,42.0,,298801915.0,5.410009942142844e+18,5410009942142844032,1.634798,0.0024,1.0001439,21.608712148628616,1.632398
2MASS J09345604-7804193,2MASS,09345604-7804193,Mamonova2025,2.24,,24.0,,323880595.0,5.203033750152434e+18,5203033750152434176,2.6054535,,,,
2MASS J09353126-2802552,2MASS,09353126-2802552,Mamonova2025,1.34,,24.0,,189589023.0,5.633901948708916e+18,5633901948708916352,1.7508411,,1.027774,17.79143380735523,
2MASS J09455843-3253299,2MASS,09455843-3253299,Mamonova2025,0.31,,24.0,,11974826.0,5.439029627401396e+18,5439029627401396096,3.1854277,,1.7222837,83.24973178967333,
2MASS J10010873-7913074,2MASS,10010873-7913074,Mamonova2025,2.943,,5.0,,394241607.0,5.201932413160136e+18,5201932413160136064,2.1282225,0.1833,1.2001979,12.318765559092745,1.9449224
2MASS J10222117-7509579,2MASS,10222117-7509579,Mamonova2025,7.95,,24.0,,453595277.0,5.204815332648174e+18,5204815332648173440,1.6513443,0.145,1.038724,14.958645299389634,1.5063443
2MASS J10252563-4918389,2MASS,10252563-4918389,Mamonova2025,4.1,,50.0,,446764692.0,5.36493412293012e+18,5364934122930119552,2.791338,0.0021,1.5807123,39.1592507631955,2.789238
2MASS J10555973-7724399,2MASS,10555973-7724399,Mamonova2025,6.5,,5.0,,277553960.0,5.201378641555927e+18,5201378641555926784,2.4190235,1.6777,1.2613646,5.450145246685662,0.7413235
2MASS J10590108-7722407,2MASS,10590108-7722407,Mamonova2025,6.548,,5.0,,277671413.0,5.201196599363181e+18,5201196599363180928,1.8721848,1.2235,1.353341,5.460943766453318,0.64868474
2MASS J11004022-7619280,2MASS,11004022-7619280,Mamonova2025,6.638,,5.0,,454242639.0,5.201553704423697e+18,5201553704423697792,2.8941822,0.6781,1.1673148,5.181089894911381,2.216082
2MASS J11004928-7540414,2MASS,11004928-7540414,Mamonova2025,6.537,,5.0,,454243404.0,5.225597889120103e+18,5225597889120103424,3.1617928,0.6535,1.0600202,5.199356468915603,2.5082927
2MASS J11052472-7626209,2MASS,11052472-7626209,Mamonova2025,4.499,,5.0,,454290635.0,5.20136159912492e+18,5201361599124919936,2.6415586,0.569,1.1526576,5.15651396332934,2.0725586
2MASS J11071148-7746394,2MASS,11071148-7746394,Mamonova2025,1.152,,5.0,,454291699.0,5.201120634278654e+18,5201120634278654208,3.3458328,,1.5279953,5.2214722152794,
2MASS J11072022-7738111,2MASS,11072022-7738111,Mamonova2025,2.58,,5.0,,454291766.0,5.201129116838717e+18,5201129116838717312,3.099184,,0.83685213,5.218985142596846,
2MASS J11075809-7742413,2MASS,11075809-7742413,Mamonova2025,6.529,,5.0,,454291734.0,5.201126441074448e+18,5201126441074447872,3.0733795,2.5612,1.0611948,5.332851618438728,0.5121796
2MASS J11091606-7352465,2MASS,11091606-7352465,Mamonova2025,0.84,,24.0,,454323762.0,5.226193446465971e+18,5226193446465971072,2.4983835,0.1905,1.3115039,15.376741797007906,2.3078835
2MASS J11091769-7627578,2MASS,11091769-7627578,Mamonova2025,4.29,,5.0,,454327504.0,5.201351806599749e+18,5201351806599748992,2.2274828,,3.083098,5.084959475643422,
2MASS J11102852-7716596,2MASS,11102852-7716596,Mamonova2025,7.943,,5.0,,454328873.0,5.201163480872489e+18,5201163480873128064,3.847188,,1.1258028,5.479650094158867,
2MASS J11113965-7620152,2MASS,11113965-7620152,Mamonova2025,4.6,,5.0,,454363835.0,5.225374074083637e+18,5225374074083637376,2.3182726,2.4413,1.986235,5.205982267044315,-0.123027325
2MASS J11124210-7658400,2MASS,11124210-7658400,Mamonova2025,4.48,,5.0,,454364474.0,5.201265666735512e+18,5201265666735512064,1.8782797,0.792,1.2907345,5.297503787392892,1.0862796
2MASS J11132012-7701044,2MASS,11132012-7701044,Mamonova2025,6.0,,5.0,,454365974.0,5.201264464144665e+18,5201264464144664832,2.244378,0.3395,1.0705322,5.397397828414486,1.9048781
2MASS J11173700-7704381,2MASS,11173700-7704381,Mamonova2025,12.784,,5.0,,454404691.0,5.20127219508607e+18,5201272195086070144,1.9945154,1.3206,1.6177418,5.294452699844947,0.6739154
2MASS J11194820-1632381,2MASS,11194820-1632381,Mamonova2025,1.16,,24.0,,335380087.0,3.5588546077818675e+18,3558854607781867392,3.361395,0.0002,1.2564784,42.0213781713129,3.3611948
2MASS J11265079-1844585,2MASS,11265079-1844585,Mamonova2025,0.13,,24.0,,219249241.0,3.546082474555658e+18,3546082474555658240,2.8105946,,8.617458,17.498548789009124,
2MASS J11295141-2146118,2MASS,11295141-2146118,Mamonova2025,2.12,,24.0,,219443066.0,3.5413519632158413e+18,3541351963215841408,2.1957064,,1.220185,17.033804867003663,
2MASS J11431742+1123126,2MASS,11431742+1123126,Mamonova2025,0.751,,24.0,,380618457.0,3.9165011043642767e+18,3916501104364276480,1.4717455,0.2063,0.8995237,10.19720490647438,1.2654455
2MASS J11455177-5520456,2MASS,11455177-5520456,Mamonova2025,5.421,,10.0,,268129495.0,5.343936233991964e+18,5343936233991963392,1.452363,0.0001,0.9595162,23.99248821147893,1.452263
2MASS J11462310-5238519,2MASS,11462310-5238519,Mamonova2025,0.14,,24.0,,94088626.0,5.368673630700202e+18,5368673630700201984,3.0660648,,1.1203005,17.324541606520086,
2MASS J11493184-7851011,2MASS,11493184-7851011,Mamonova2025,7.994,,24.0,,356900912.0,5.200035927402217e+18,5200035927402217088,2.1370888,0.2863,1.5081141,9.94221636942759,1.8507888
2MASS J11575352-2349007,2MASS,11575352-2349007,Mamonova2025,3.067,,24.0,,428657074.0,3.49263823798611e+18,3492638237986110080,2.9700823,,1.4101081,26.623585142702883,
2MASS J12062214-1314559,2MASS,12062214-1314559,Mamonova2025,1.45,,24.0,,385330728.0,3.571164636886485e+18,3571164636886908544,2.6547098,,23.037659,32.84940603272076,
2MASS J12194369-7403572,2MASS,12194369-7403572,Mamonova2025,6.7,,24.0,,359766954.0,5.841382846589454e+18,5841382846589454080,2.0814285,0.2417,0.9142643,9.919173332125576,1.8397286
2MASS J12202177-7407393,2MASS,12202177-7407393,Mamonova2025,1.535,,24.0,,359767082.0,5.841334609812006e+18,5841334609821849472,2.1992798,,11.496256,8.419551643554382,
2MASS J12210499-7116493,2MASS,12210499-7116493,Mamonova2025,6.855,,24.0,,447994659.0,5.854831974036429e+18,5854831974036429056,1.716835,0.5383,0.9760787,10.063625727062956,1.178535
2MASS J12225061-0404462,2MASS,12225061-0404462,Mamonova2025,0.32,,24.0,,147684853.0,3.693059549662672e+18,3693059553959836032,3.0834208,,,,
2MASS J12233860-4606203,2MASS,12233860-4606203,Mamonova2025,2.337,,50.0,,22850303.0,6.1313495620593e+18,6131349562059299712,2.7744913,,1.1949258,43.79235599149152,
2MASS J12313807-4558593,2MASS,12313807-4558593,Mamonova2025,1.834,,10.0,,72564426.0,6.132146982868271e+18,6132146982868270976,2.5204325,,1.435218,12.467755295246258,
2MASS J12350424-4136385,2MASS,12350424-4136385,Mamonova2025,8.456,,10.0,,144155582.0,6.146107993101452e+18,6146107993101452160,2.5615425,,1.286942,17.396415273882155,
2MASS J12383713-2703348,2MASS,12383713-2703348,Mamonova2025,7.5,,24.0,,60734281.0,3.496359397652314e+18,3496359397652313856,2.4355192,,8.060805,39.19711314762406,
2MASS J12524279-2836280,2MASS,12524279-2836280,Mamonova2025,0.75,,24.0,,9560459.0,6.185498443844035e+18,6185498443844034944,1.8283367,,7.877884,13.42124213667718,
2MASS J13175314-5058481,2MASS,13175314-5058481,Mamonova2025,0.536,,5.0,,245298317.0,6.080854078239398e+18,6080854078239398016,1.6563578,,7.0524383,6.349750295180987,
2MASS J13233804-2554449,2MASS,13233804-2554449,Mamonova2025,2.01,,24.0,,101774867.0,6.192641081831733e+18,6192641081831733760,2.78084,,1.4757581,71.11912568785725,
2MASS J13255810-5111444,2MASS,13255810-5111444,Mamonova2025,1.383,,15.0,,438733975.0,6.070093879495885e+18,6070093879497533824,2.667633,0.3678,4.151567,9.244670829354437,2.299833
2MASS J13382562-2516466,2MASS,13382562-2516466,Mamonova2025,2.4,,24.0,,49256147.0,6.191370493065718e+18,6191370493065717504,2.5731544,0.0004,1.6397328,32.28956318153074,2.5727544
2MASS J13473282-5533013,2MASS,13473282-5533013,Mamonova2025,0.452,,5.0,,207621404.0,6.064353054428529e+18,6064353054428529152,2.817357,0.437,1.1364818,7.170024700213291,2.380357
2MASS J13505181+3644168,2MASS,J13505181+3644168,LWRD,72.18,0.72,4591.0,818.0,23710001.0,1.4954876881155515e+18,1495487688115551744,2.826191,,1.7783073,59.181609199460645,
2MASS J13545390-7121476,2MASS,13545390-7121476,Mamonova2025,4.95,,24.0,,448186109.0,5.845972349875279e+18,5845972349875278720,2.3646812,0.0023,1.061625,43.84944310058622,2.3623812
2MASS J14055463-5226000,2MASS,14055463-5226000,Mamonova2025,0.463,,5.0,,328906141.0,6.089133916200094e+18,6089133916200093696,2.9504833,0.4928,1.3392518,6.844980107906206,2.4576833
2MASS J14211512-0107199,2MASS,J14211512-0107199,LWRD,91.43,0.91,5495.0,1263.0,287849681.0,3.6527965720204247e+18,3652796572020424448,2.756606,0.0001,1.5236543,74.77675675400957,2.7565062
2MASS J14252913-4113323,2MASS,14252913-4113323,Mamonova2025,0.58,,24.0,,167664935.0,6.104139604209342e+18,6104139604209342464,2.5205526,0.2283,5.0510154,15.96694468567398,2.2922525
2MASS J14321078+1600494,2MASS,14321078+1600494,Mamonova2025,0.765,,24.0,,72636078.0,1.235125877277844e+18,1235125877277843840,2.867095,0.0,1.3550768,63.38492807099326,2.867095
2MASS J15244849-4929473,2MASS,15244849-4929473,Mamonova2025,0.882,,149.0,,140114569.0,5.890493602926306e+18,5890493602926306048,2.3035784,,13.212974,45.766915886843336,
2MASS J16182491+4437110,2MASS,J16182491+4437110,LWRD,4.07,0.04,217.0,9.0,219502124.0,1.3855377279284756e+18,1385537727928475520,2.849001,0.0003,1.3667356,15.716093125270715,2.848701
2MASS J16265441+1457502,2MASS,16265441+1457502,Mamonova2025,0.72,,24.0,,120028597.0,4.463908945532757e+18,4463908945532756992,2.876851,,1.5704395,28.67487586910283,
2MASS J16492028+5101177,2MASS,J16492028+5101177,LWRD,54.71,0.55,3899.0,522.0,274384002.0,1.4124322977403077e+18,1412432297740307456,2.8799438,,4.960147,30.37074639294612,
2MASS J17150219-3333398,2MASS,17150219-3333398,Mamonova2025,0.311,,24.0,,151300352.0,5.978985558581221e+18,5978985558581221760,1.9032173,0.0,0.905212,38.60664825437513,1.9032173
2MASS J18055491-5704307,2MASS,18055491-5704307,Mamonova2025,6.9,,24.0,,118053599.0,6.648834361774839e+18,6648834361774839040,2.6204596,,1.2391201,17.713915273298593,
2MASS J18090694-7613239,2MASS,18090694-7613239,Mamonova2025,1.08,,24.0,,343648067.0,6.414282147589248e+18,6414282147589248000,3.4167805,,1.319854,36.66089390624828,
2MASS J18092970-5430532,2MASS,18092970-5430532,Mamonova2025,1.2,,24.0,,118278380.0,6.653162456161626e+18,6653162456161626368,3.3886633,,1.4395128,25.66876425985184,
2MASS J18141047-3247344,2MASS,18141047-3247344,Mamonova2025,1.701,,24.0,,60068392.0,4.045698423617983e+18,4045698423617983488,1.5177269,0.3632,0.86220753,13.989288126412204,1.154527
2MASS J18142207-3246100,2MASS,18142207-3246100,Mamonova2025,11.34,,24.0,,60436937.0,4.045698732855627e+18,4045698732855626624,2.1722975,0.2163,0.7340953,13.920662972174895,1.9559975
2MASS J18393839+1623136,2MASS,18393839+1623136,Mamonova2025,0.567,,24.0,,15230595.0,4.511540132852602e+18,4511540132852601984,1.9187965,0.0069,1.0546035,14.356834271197648,1.9118966
2MASS J18420694-5554254,2MASS,18420694-5554254,Mamonova2025,5.452,,24.0,,120334451.0,6.649788119394186e+18,6649788119394186112,2.6384592,,1.262503,19.43546258211905,
2MASS J18465255-6210366,2MASS,18465255-6210366,Mamonova2025,5.371,,24.0,,464410508.0,6.631685008336771e+18,6631685008336771072,2.051546,0.0802,1.0292046,19.72400138852907,1.9713461
2MASS J18550451+4259510,2MASS,18550451+4259510,Mamonova2025,0.54,,24.0,,164644375.0,2.1050331232586532e+18,2105033123258653056,2.9682684,,1.2172388,52.0409353900336,
2MASS J19194119-5955194,2MASS,J19194119-5955194,LWRD,92.69,0.93,5559.0,1291.0,219943013.0,6.4462742938248e+18,6446274293824799488,2.8367586,,1.3342798,58.67908414264609,
2MASS J19204795-4533283,2MASS,J19204795-4533283,LWRD,133.9,1.34,8165.0,2857.0,62020444.0,6.663600360559309e+18,6663600360560306560,3.0468893,,1.2843816,169.23508466417934,
2MASS J19225071-6310581,2MASS,19225071-6310581,Mamonova2025,0.464,,24.0,,411956826.0,6.441658161757714e+18,6441658161757713920,2.5309887,0.3568,19.794191,16.179098393075183,2.1741886
2MASS J19233820-4606316,2MASS,19233820-4606316,Mamonova2025,3.233,,24.0,,62124646.0,6.663346029775436e+18,6663346029775435264,1.7895155,0.1845,1.2755262,14.03126471063306,1.6050155
2MASS J19243494-3442392,2MASS,19243494-3442392,Mamonova2025,0.41,,24.0,,112464324.0,6.742986538895222e+18,6742986538895222144,2.989894,,1.4970189,19.399853830243902,
2MASS J19260075-5331269,2MASS,19260075-5331269,Mamonova2025,4.81,,24.0,,424881692.0,6.643851448094862e+18,6643851448094862592,2.9066858,,1.4140023,20.938121139600728,
2MASS J19300396-2939322,2MASS,19300396-2939322,Mamonova2025,1.6,,24.0,,169385570.0,6.764421281858415e+18,6764421281858414208,2.909031,,1.3412158,16.59683522263482,
2MASS J19370879-5134009,2MASS,19370879-5134009,Mamonova2025,5.755,,24.0,,404156386.0,6.645604928622813e+18,6645604928622813568,1.989356,,1.1116744,20.511658862434786,
2MASS J19425324-4406278,2MASS,19425324-4406278,Mamonova2025,1.66,,24.0,,79661385.0,6.684976378427501e+18,6684976378430611200,2.5966988,,1.3388954,34.70369176830101,
2MASS J19432464-3722108,2MASS,19432464-3722108,Mamonova2025,1.09,,24.0,,299697182.0,6.739809744861879e+18,6739809744861879040,2.8790207,0.0,1.3233534,41.38743196863996,2.8790207
2MASS J19435432-0546363,2MASS,19435432-0546363,Mamonova2025,1.26,,24.0,,251556707.0,4.208867838967406e+18,4208867838967405952,2.7939463,,1.3053073,34.18111139396709,
2MASS J19533169-0707001,2MASS,19533169-0707001,Mamonova2025,1.519,,24.0,,422235746.0,4.196039806746797e+18,4196039806746796928,2.9725761,0.0001,1.2841439,30.74026541843103,2.9724762
2MASS J20072376-5147272,2MASS,20072376-5147272,Mamonova2025,0.838,,50.0,,101544662.0,6.666178680963755e+18,6666178680963755008,1.5890474,0.0,1.0391203,29.359244554528733,1.5890474
2MASS J20100002-2801410,2MASS,20100002-2801410,Mamonova2025,0.471,,24.0,,301710123.0,6.846651450099142e+18,6846651450099142016,2.7941027,,8.663286,21.548536054630244,
2MASS J20125995+0112584,2MASS,J20125995+0112584,LWRD,41.15,1.23,3443.0,349.0,404500852.0,4.242728884389091e+18,4242728884389090944,3.397788,,7.9131527,50.153029375797786,
2MASS J20143542-5430588,2MASS,20143542-5430588,Mamonova2025,0.57,,45.0,,201751726.0,6.472232212871226e+18,6472232212871226240,3.0177317,,2.5430367,26.31385465445364,
2MASS J20163382-0711456,2MASS,20163382-0711456,Mamonova2025,1.55,,24.0,,71567717.0,4.2162984115631657e+18,4216298411563165440,1.9467182,,,,
2MASS J20284361-1128307,2MASS,20284361-1128307,Mamonova2025,1.4,,24.0,,158569856.0,6.904064446906105e+18,6904064446906104832,2.6692162,,1.1597921,54.55243075275119,
2MASS J20285054+2141119,2MASS,20285054+2141119,Mamonova2025,3.1,,24.0,,210207652.0,1.8186302342173348e+18,1818630234217334784,2.483099,,1.1122344,24.6686903798632,
2MASS J20291446-5456116,2MASS,20291446-5456116,Mamonova2025,0.88,,45.0,,360912453.0,6.469390701164108e+18,6469390701164107648,3.2026844,,1.1462767,21.89609344427871,
2MASS J20333759-2556521,2MASS,20333759-2556521,Mamonova2025,0.737,,24.0,,269829656.0,6.800238044930953e+18,6800238044930953600,3.3590899,,1.9612122,22.903079455111637,
2MASS J20360829-3607115,2MASS,20360829-3607115,Mamonova2025,2.126,,24.0,,290970527.0,6.683306151547011e+18,6683306151547010688,2.3950195,0.0,1.1738983,59.21367746245265,2.3950195
2MASS J20390476-4117390,2MASS,20390476-4117390,Mamonova2025,1.537,,24.0,,291065047.0,6.681126197945439e+18,6681126197945439232,2.825882,0.0,1.0971366,25.66903662033172,2.825882
2MASS J20421624-5552074,2MASS,20421624-5552074,Mamonova2025,4.0,,45.0,,360914079.0,6.469758109848077e+18,6469758109848076928,2.714016,,1.6943297,17.54778082545686,
2MASS J20423672-5425263,2MASS,20423672-5425263,Mamonova2025,0.67,,45.0,,394417221.0,6.470742481994349e+18,6470742481994348416,3.07788,,1.327288,21.96006825104384,
2MASS J20474501-3635409,2MASS,20474501-3635409,Mamonova2025,0.38,,45.0,,389423271.0,6.778413151435608e+18,6778413151435607680,1.2022896,,30.174664,19.598265067927404,
2MASS J21083826-4244540,2MASS,21083826-4244540,Mamonova2025,0.48,,45.0,,126805047.0,6.580179279486143e+18,6580179279486143744,3.237813,,,,
2MASS J21100614-5811483,2MASS,21100614-5811483,Mamonova2025,0.561,,45.0,,231632372.0,6.456528236185331e+18,6456528236185330816,3.0449257,,1.1220999,19.873631217630955,
2MASS J21143354-4213528,2MASS,21143354-4213528,Mamonova2025,0.41,,45.0,,126945045.0,6.580617125631533e+18,6580617125631533184,3.0533571,,1.1052563,15.097528551312555,
2MASS J21154192+1746242,2MASS,J21154192+1746242,LWRD,9.02,0.09,328.0,33.0,372854410.0,1.7850745137219594e+18,1785074513721959552,2.0925083,0.2243,28.173262,13.94685799140304,1.8682083
2MASS J21163528-6005124,2MASS,21163528-6005124,Mamonova2025,0.983,,45.0,,410421717.0,6.453115042855074e+18,6453115042855073664,2.8360662,,1.2595443,21.58846438125113,
2MASS J21213394-2433226,2MASS,21213394-2433226,Mamonova2025,4.8,,24.0,,302298728.0,6.803442674646843e+18,6803442674646843008,3.4206734,,2.4081147,34.32133450057187,
2MASS J21275054-6841033,2MASS,21275054-6841033,Mamonova2025,0.34,,45.0,,344552743.0,6.399670771926369e+18,6399670771926369152,3.1058016,,2.7647283,20.09150376567264,
2MASS J21354554-4218343,2MASS,21354554-4218343,Mamonova2025,0.59,,45.0,,147250411.0,6.577998398172196e+18,6577998398172195840,3.6185179,,1.1230143,20.52404466963357,
2MASS J21370885-6036054,2MASS,21370885-6036054,Mamonova2025,2.0,,45.0,,259845346.0,6.40411306948395e+18,6404113069483950208,2.6720953,,1.3654683,22.247975031637672,
2MASS J21385684-2114350,2MASS,21385684-2114350,Mamonova2025,1.57,,24.0,,441037434.0,6.817856584892202e+18,6817856584892201600,2.8013954,,1.3407283,33.887540333859775,
2MASS J21464282-8543046,2MASS,21464282-8543046,Mamonova2025,0.85,,24.0,,468216076.0,6.342940473056949e+18,6342940473056949120,3.0106535,,1.25746,64.29184029293056,
2MASS J21464549-2117468,2MASS,21464549-2117468,Mamonova2025,1.2,,24.0,,25200252.0,6.817950657560102e+18,6817950657560102016,2.9129877,,1.2697101,64.22312127649028,
2MASS J21471964-4803166,2MASS,21471964-4803166,Mamonova2025,0.37,,24.0,,139914420.0,6.562534626120396e+18,6562534626120396032,2.8030758,,9.119697,15.870179999254686,
2MASS J21490499-6413039,2MASS,21490499-6413039,Mamonova2025,0.169,,45.0,,238813187.0,6.402514555672235e+18,6402514555672235264,3.2381115,,3.0254545,22.783103570022146,
2MASS J21504048-5113380,2MASS,21504048-5113380,Mamonova2025,1.051,,45.0,,139984208.0,6.558592945653864e+18,6558592945653864448,2.8966494,,1.1542048,22.40722542591571,
2MASS J22021626-4210329,2MASS,22021626-4210329,Mamonova2025,4.4,,45.0,,71274771.0,6.571446820698812e+18,6571446820698811904,2.0783844,,1.1283257,22.49393132888513,
2MASS J22025453-6440441,2MASS,22025453-6440441,Mamonova2025,0.427,,45.0,,403237836.0,6.39948144976743e+18,6399481449767430528,2.3257313,,1.3309848,22.898296632509137,
2MASS J22075385-3704239,2MASS,22075385-3704239,Mamonova2025,0.851,,24.0,,207082763.0,6.574929244606066e+18,6574929244606066048,2.585267,,1.2696174,29.67365874323913,
2MASS J22085034+1144131,2MASS,22085034+1144131,Mamonova2025,0.71,,24.0,,468271912.0,2.7278444410624783e+18,2727844441062478464,3.0619373,,1.4266043,26.746623985534058,
2MASS J22102820-4431480,2MASS,22102820-4431480,Mamonova2025,0.53,,45.0,,88243874.0,6.567961678075908e+18,6567961678075907968,2.738945,,2.346568,13.51356241308689,
2MASS J22170696+3627164,2MASS,J22170696+3627164,LWRD,7.04,0.07,319.0,15.0,119966826.0,1.9068026872822449e+18,1906802687282244864,2.6174974,,1.779043,16.98959368862192,
2MASS J22223966-6303258,2MASS,22223966-6303258,Mamonova2025,1.107,,45.0,,234284556.0,6.405089921141776e+18,6405089921141776128,2.860097,0.0086,1.3480146,22.62614812143316,2.851497
2MASS J22244102-7724036,2MASS,22244102-7724036,Mamonova2025,0.68,,45.0,,317016534.0,6.356939008426712e+18,6356939008427348992,3.163515,,1.0875312,19.92939101410288,
2MASS J22274882-0113527,2MASS,22274882-0113527,Mamonova2025,0.16,,24.0,,176061460.0,2.629875442474448e+18,2629875442474447616,2.6563387,0.0008,1.3102245,33.80631725446753,2.6555388
2MASS J22444835-6650032,2MASS,22444835-6650032,Mamonova2025,0.73,,45.0,,238831201.0,6.391851457545655e+18,6391851457545654912,3.4903193,,1.1665496,22.82464865402977,
2MASS J22463471-7353504,2MASS,22463471-7353504,Mamonova2025,1.648,,45.0,,273416539.0,6.38177646070201e+18,6381776460702010624,2.4538612,,1.4658152,19.96293260031036,
2MASS J22495622+1744414,2MASS,22495622+1744414,Mamonova2025,0.777,,24.0,,88696334.0,2.830234429879927e+18,2830234429879927040,1.9543724,,15.976555,13.660694303190756,
2MASS J23115362-4508004,2MASS,23115362-4508004,Mamonova2025,9.6,,24.0,,139285669.0,6.527965293348045e+18,6527965293348044288,2.5459719,,3.4248977,21.044219755180837,
2MASS J23131671-4933154,2MASS,23131671-4933154,Mamonova2025,1.226,,45.0,,197960398.0,6.503059740071544e+18,6503059740071544064,2.8660479,,2.4145977,24.79063058986125,
2MASS J23170011-7432095,2MASS,23170011-7432095,Mamonova2025,0.83,,45.0,,261560580.0,6.378892098104875e+18,6378892098104874880,2.8835793,,1.3490074,22.482211759333484,
2MASS J23261069-7323498,2MASS,23261069-7323498,Mamonova2025,0.57,,45.0,,293507177.0,6.380514358792367e+18,6380514358792367232,1.9758053,,0.9652679,21.6112257743134,
2MASS J23273447-8512364,2MASS,23273447-8512364,Mamonova2025,0.89,,45.0,,401820403.0,6.343579117515702e+18,6343579117515701888,3.0753088,,1.3656938,19.421841136866824,
2MASS J23285763-6802338,2MASS,23285763-6802338,Mamonova2025,0.374,,45.0,,229807000.0,6.388014157668558e+18,6388014157668558080,2.4623194,0.0694,1.2850443,21.814973238877105,2.3929193
2MASS J23301129-0237227,2MASS,23301129-0237227,Mamonova2025,0.31,,24.0,,38335395.0,2.6405533195800125e+18,2640553319580012416,3.2950373,,2.7109005,21.981590212662027,
2MASS J23301341-2023271,2MASS,23301341-2023271,Mamonova2025,7.482,,24.0,,9210746.0,2.3916704745611817e+18,2391670474561181440,2.5423374,,2.2862682,62.8678939877997,
2MASS J23314492-0244395,2MASS,23314492-0244395,Mamonova2025,1.08,,24.0,,250081915.0,2.6403489779210373e+18,2640348977921037056,3.2304459,,1.1860222,28.63092245624487,
2MASS J23323085-1215513,2MASS,23323085-1215513,Mamonova2025,5.644,,24.0,,434101713.0,2.4331918862122465e+18,2433191886212246784,2.028202,,1.1301576,36.42678711034075,
2MASS J23351050-0223214,2MASS,J23351050-0223214,LWRD,100.4,1.0,5984.0,1532.0,313884966.0,2.6404340569281505e+18,2640434056928150400,3.7062197,0.0003,1.1472371,139.33889353237683,3.7059197
2MASS J23351050-0223214,2MASS,J23351050-0223214,LWRD,100.4,1.0,5984.0,1532.0,471016474.0,2.6404340569281505e+18,2640434056928150400,3.7062197,0.0003,1.1472371,139.33889353237683,3.7059197
2MASS J23373831-1250277,2MASS,23373831-1250277,Mamonova2025,4.2,,24.0,,434105094.0,2.4323934346119214e+18,2432393434611921408,3.9769506,,6.563331,37.415394031434445,
2MASS J23382851-6749025,2MASS,23382851-6749025,Mamonova2025,0.44,,45.0,,410213494.0,6.38873533851348e+18,6388735338513480064,3.0463085,,1.2662073,20.299588005869243,
2MASS J23452225-7126505,2MASS,23452225-7126505,Mamonova2025,1.61,,45.0,,325220989.0,6.386388740181485e+18,6386388740181484928,2.8490238,0.0395,1.476558,22.435647773351608,2.8095238
2MASS J23474694-6517249,2MASS,23474694-6517249,Mamonova2025,4.824,,45.0,,234290432.0,6.485480370207753e+18,6485480370209220096,2.185646,,1.3300362,22.05835158622842,
2MASS J23524562-5229593,2MASS,23524562-5229593,Mamonova2025,0.91,,45.0,,201226029.0,6.521645472311223e+18,6521645472311223168,3.535636,0.0004,1.1850605,23.331185751503288,3.535236
2MASS J23532520-7056410,2MASS,23532520-7056410,Mamonova2025,0.526,,50.0,,238176832.0,6.386280060329151e+18,6386280060329151616,2.8664522,,1.1931175,81.13615977267115,
2MASS J23585674-8339423,2MASS,23585674-8339423,Mamonova2025,14.7,,45.0,,325525541.0,6.350112965363619e+18,6350112965363619200,1.8559074,,0.91481656,17.974330379214486,
EPIC 201675315,EPIC,201675315,LWRD,38.13,0.38,3548.0,665.0,396998929.0,3.800590554204452e+18,3800590554204451712,1.7921171,0.0008,1.2290789,29.179684146161907,1.7913171
EPIC 201909533,EPIC,201909533,LWRD,2.29,0.02,125.0,11.0,291074569.0,3.899393459350373e+18,3899393459350372224,2.2730722,0.0001,1.1829473,19.70524587339469,2.2729723
EPIC 202059204,EPIC,202059204,LWRD,7.89,0.08,279.0,28.0,430213846.0,3.38340553734038e+18,3383405537340380416,2.1318617,0.0009,1.0708205,36.33929974573389,2.1309617
EPIC 202059231,EPIC,202059231,LWRD,17.43,0.17,1093.0,144.0,57284670.0,3.3783344823363896e+18,3378334482336389760,2.3939,0.0002,1.2986465,28.59480519968024,2.3937
EPIC 204957517,EPIC,204957517,LWRD,2.81,0.03,810.0,57.0,50058078.0,6.244712475056968e+18,6244712475056967936,2.8672523,,,,
EPIC 205913009,EPIC,205913009,LWRD,116.4,1.16,6934.0,2090.0,471012766.0,6.825822095663585e+18,6825822095663585536,3.0962744,0.0,1.394983,97.67621438764236,3.0962744
EPIC 206019392,EPIC,206019392,LWRD,88.33,0.17,5333.0,1176.0,188580272.0,2.603090003484152e+18,2603090003484152064,2.8092842,0.0,1.3398496,214.0379888743159,2.8092842
EPIC 206262336,EPIC,206262336,LWRD,9.71,0.1,1207.0,97.0,471012342.0,2.6161321011751066e+18,2616132101175106816,2.9957647,,10.065195,90.48928671844163,
HIP 106231,HIP,106231,Mamonova2025,0.422,,149.0,,283436283.0,1.7972763826680294e+18,1797276382668029440,1.4024391,0.0001,1.0392148,41.29120648135492,1.4023391
HIP 107345,HIP,107345,Mamonova2025,4.547,,45.0,,406277015.0,6.409848126430575e+18,6409848126430574592,1.8961668,,1.1708897,21.54507377730657,
HIP 112312,HIP,112312,LWRD,2.355,0.005,174.0,7.0,206605718.0,6.603693881832178e+18,6603693881832177792,2.7786798,,1.138691,47.92184273110373,
HIP 112312,HIP,112312,Mamonova2025,2.377,,24.0,,206605718.0,6.603693881832178e+18,6603693881832177792,2.7786798,,1.138691,47.92184273110373,
HIP 114066,HIP,114066,Mamonova2025,2.839,,149.0,,435160829.0,2.207738916728294e+18,2207738916728293888,1.9495907,0.0005,1.0596609,41.61606643740591,1.9490907
HIP 12545,HIP,12545,Mamonova2025,4.924,,24.0,,318785502.0,1.821104358772109e+16,18211043587721088,1.602047,0.0,1.1569407,22.575269610541906,1.602047
HIP 17248,HIP,17248,Mamonova2025,4.65,,42.0,,450182870.0,4.452040477758332e+17,445204047775833216,1.861721,0.158,1.0703236,27.91989699490954,1.703721
HIP 17695,HIP,17695,LWRD,3.87,0.01,212.0,9.0,333680372.0,3.2503282090543473e+18,3250328209054347264,2.4801521,0.0001,1.5196763,59.43199371869756,2.4800522
HIP 1910,HIP,1910,Mamonova2025,1.753,,10.0,,231867117.0,4.901926404913923e+18,4901926409210453760,1.9581375,,3.2638316,22.79744578983972,
HIP 1993,HIP,1993,Mamonova2025,4.33,,45.0,,231907973.0,4.90201409526227e+18,4902014095262270336,1.8299522,,1.0200906,22.650932506281872,
HIP 23200,HIP,23200,Mamonova2025,4.359,,24.0,,452763353.0,3.231945508509506e+18,3231945508509506176,1.9014368,0.0002,0.89986295,40.98991853704772,1.9012368
HIP 23309,HIP,23309,LWRD,8.6,0.07,309.0,31.0,220473309.0,4.764027962957023e+18,4764027962957023104,1.9237366,,1.0049267,37.21185747681589,
HIP 23309,HIP,23309,Mamonova2025,8.779,,24.0,,220473309.0,4.764027962957023e+18,4764027962957023104,1.9237366,,1.0049267,37.21185747681589,
HIP 29964,HIP,29964,Mamonova2025,2.666,,24.0,,141914082.0,5.266270443442455e+18,5266270443442455040,1.4126654,0.0002,0.84345603,25.565848170862576,1.4124653
HIP 31878,HIP,31878,Mamonova2025,8.915,,149.0,,375058105.0,5.479782647926975e+18,5479782647926975360,1.6297646,0.0,0.96065193,45.03329011095339,1.6297646
HIP 33737,HIP,33737,Mamonova2025,5.081,,45.0,,278024057.0,5.20821695104361e+18,5208216951043609216,1.1906071,0.0001,1.1201956,15.7641476589768,1.190507
HIP 50156,HIP,50156,Mamonova2025,7.781,,24.0,,95339414.0,6.28827128175695e+17,628827128175694976,1.894803,,,,
HIP 86346,HIP,86346,Mamonova2025,1.851,,149.0,,219790151.0,1.4360015664316498e+18,1436001566431649792,1.7067547,,,,
TYC 3142-1028-1,TYC,3142-1028-1,LWRD,15.65,0.43,847.0,117.0,159310629.0,2.101992694430576e+18,2101992694430576256,2.3135023,,13.228264,31.47194002743817,
UCAC3 151-377752,UCAC3,151-377752,LWRD,6.72,0.07,306.0,15.0,,,6887195533352079616,2.86135,0.0001,1.7149025,22.68694160248134,2.8612502
UCAC3 242-88245,UCAC3,242-88245,LWRD,15.1,0.15,905.0,56.0,178761405.0,5.995790670410726e+18,5995790670410726144,1.2443991,0.2677,1.0157886,0.6944762177980845,0.9766991
UCAC3 74-428746,UCAC3,74-428746,Mamonova2025,1.645,,24.0,,,,5945104588806333824,2.487671,0.3143,1.0666941,13.048541865228753,2.1733708
UCAC4 195-119117,UCAC4,195-119117,LWRD,93.7,0.94,5610.0,1329.0,190138952.0,5.985290231327197e+18,5985290231327197312,1.7324371,,1.0814977,0.632544888472774,
UCAC4 587-034710,UCAC4,587-034710,LWRD,3.05,0.03,139.0,13.0,87403283.0,3.3852371862692383e+18,3385237181976223104,1.823492,,1.0117419,21.84677249688751,
UCAC4 617-130729,UCAC4,617-130729,LWRD,14.75,0.15,864.0,54.0,431124765.0,1.9050557007448172e+18,1905055700744817024,2.3965883,,1.2933388,18.521732313967338,
UCAC4 619-055248,UCAC4,619-055248,LWRD,19.84,0.2,1671.0,123.0,39425970.0,4.602078902438064e+18,4602078902438063488,2.648755,,1.1866386,38.34833427579703,
UCAC4 643-115616,UCAC4,643-115616,LWRD,9.65,0.1,359.0,37.0,256786722.0,1.9500406384491912e+18,1950040638449191424,1.7219858,,1.2507414,13.352887595673884,
UCAC4 666-047939,UCAC4,666-047939,LWRD,7.85,0.08,277.0,27.0,274216682.0,9.640647488569743e+17,964064748856974464,2.461338,,5.4592376,16.22459426506625,
UCAC4 678-130516,UCAC4,678-130516,LWRD,6.85,0.07,240.0,23.0,173462284.0,1.941126622803034e+18,1941126622803033984,1.7733297,0.2465,1.2563899,13.234145183462353,1.5268297
