source_paper,star_name,age_gyr,age_err_lo_gyr,age_err_hi_gyr,prot_days,age_method,source_id,ra,dec,parallax,parallax_error,pmra,pmdec,phot_g_mean_mag,phot_bp_mean_mag,phot_rp_mean_mag,bp_rp,ruwe,ebpminrp_gspphot,g_rp,bp_rp_0,ruwe_flag
Engle_2023,L266-195,2.5,0.93,1.82,23.19,wd_companion,5.932005595773303e+18,246.75929643997816,-54.1971535373912,21.820557574295005,0.014829127,19.54009892405756,65.96548374111288,10.955764,11.769478,10.074646,1.6948318,0.7969157,,0.8811178,,False
Engle_2023,40 Eri C,4.89,2.71,4.81,81.0,wd_companion,3.195919254111315e+18,63.82965602087436,-7.670903382610344,199.4516185973888,0.0692062452435493,-2247.1829426127065,-3409.8237087898747,9.775308609008787,11.490884780883787,8.501209259033203,2.989675521850586,1.5311920642852783,,1.274099349975586,,True
Engle_2023,G201-40,5.16,2.87,3.77,77.6,wd_companion,1.6008821998293384e+18,227.9715095500628,56.41314630588021,17.41767670563224,0.018178198,-222.7103795032225,-294.7398254036402,14.626679,16.048891,13.456678,2.5922127,1.2193037,,1.170001,,True
Engle_2023,Proxima Cen,5.3,0.7,0.7,86.4,system_age,5.853498713190526e+18,217.39232147200883,-62.67607511676666,768.0665391873573,0.049872905,-3781.741008265163,769.4650146478623,8.984749,11.373116,7.5685353,3.8045802,0.97145325,,1.4162135,,False
Engle_2023,G87-28,5.42,1.45,1.7,91.1,wd_companion,9.46030529073022e+17,107.55549608697169,37.66831559930888,44.60083534517721,0.4368635,-209.28153394130828,-280.80880855544444,13.232475,14.892705,11.992752,2.899953,33.12374,,1.2397232,,True
Engle_2023,2MASS J23095781+5506472,5.47,0.26,0.61,104.1,wd_companion,1.996725077535283e+18,347.4942602443266,55.11334934475551,60.92132302167948,0.0270537957549095,409.0668851208582,42.478462401165714,13.98619270324707,16.16016387939453,12.632325172424316,3.527838706970215,1.1729120016098022,0.0013999999500811,1.353867530822754,3.5264387070201337,False
Engle_2023,LSPM J1604+3909W,6.9,0.9,0.9,127.9,ms_companion,1.3795009280557268e+18,241.20868366880867,39.16016523606519,69.63745120606852,0.019233797,-562.8536015218508,42.2310012063391,12.854803,14.52069,11.612505,2.908185,1.1453565,,1.2422981,,False
Engle_2023,LHS 229,8.71,0.46,0.56,152.3,wd_companion,9.75968718869126e+17,112.67690130725812,48.19395397764997,88.7231202625499,0.029806500300765,-201.28231349716827,-1272.162430366848,12.116490364074709,13.821537017822266,10.863542556762695,2.9579944610595703,1.356261134147644,,1.2529478073120115,,True
Engle_2023,GJ 299,9.5,1.5,1.5,156.9,kinematics,3.098328182579892e+18,122.99468256110134,8.750401522062495,147.72184850183513,0.094956644,1069.811738087307,-5094.220103378359,11.397289,13.130089,10.137975,2.992114,2.0968676,,1.2593145,,True
Engle_2023,LP 906-23,4.86,1.57,4.41,78.3,wd_companion,5.402903764121956e+18,170.83997871620534,-32.38324719419744,10.84782568856653,0.038403213,-228.3082956698228,40.81083408736024,15.117716,16.70614,13.900269,2.805872,1.1790636,,1.2174473,,False
Engle_2023,GJ 213,9.5,1.5,1.5,158.6,kinematics,3.340477717172814e+18,85.547707594821,12.482359917793618,172.67623105398982,0.028589317575097,1997.3418701227267,-1569.3549468971642,10.11378002166748,11.743633270263672,8.873727798461914,2.869905471801758,1.114727020263672,0.0,1.2400522232055664,2.869905471801758,False
Engle_2023,Barnard's Star (GJ 699),9.5,1.5,1.5,149.1,kinematics,4.472832130942576e+18,269.4485025254384,4.739420051112412,546.975939730948,0.0401163548231124,-801.5509783684709,10362.394206546573,8.193974494934082,9.791788101196287,6.9580912590026855,2.8336968421936035,1.084850549697876,0.0,1.2358832359313965,2.8336968421936035,False
Engle_2023,GJ 273,9.5,1.5,1.5,157.3,kinematics,3.1398479063079496e+18,111.85462844259372,5.209382701706996,264.12689775460655,0.04127979,571.2323467293181,-3691.4865653792745,8.576388,10.111705,7.3539467,2.7577581,1.2387705,0.0,1.2224417,2.7577581,True
Engle_2023,LHS 1802,9.97,2.39,1.98,150.4,wd_companion,1.980272711400752e+17,88.93244720039185,46.84707955960631,33.56248391329198,0.018849714,12.720574355033405,-529.4370401389497,14.059253,15.755185,12.813098,2.9420872,1.1706221,,1.2461548,,False
Engle_2023,LHS 182,11.5,1.5,1.0,161.4,kinematics,2.4339167779404646e+17,57.55627936691869,43.42585030654895,,,,,20.87667465209961,22.22134780883789,20.128293991088867,2.0930538177490234,,,0.7483806610107422,,
Engle_2023,GJ 1062,11.5,1.5,1.0,159.5,kinematics,5.115463180914713e+18,54.572021668602574,-11.49906945105181,61.88605144828595,0.021998767,1458.2007377243792,-2696.5451254401264,12.066338,13.255437,10.986762,2.2686749,1.4495507,0.0,1.0795755,2.2686749,True
Engle_2023,LHS 3382,11.5,1.5,1.0,169.2,kinematics,2.2695200284118748e+18,275.47022281263065,77.1619812397175,11.64912638936515,0.03943265,-21.6354201728922,819.3089185338499,16.21729,17.306152,15.189554,2.1165981,1.0562376,,1.0277367,,False
Engle_2023,LHS 216,11.5,1.5,1.0,174.4,kinematics,3.34575283036596e+18,93.5100580746327,15.159632016202606,23.745341687175145,0.01945614,750.011876012003,-1226.426005462441,13.765578,14.881888,12.7164955,2.1653929,1.1294935,,1.0490828,,False
Engle_2023,Kapteyn's Star (GJ 191),11.5,1.5,1.0,153.2,kinematics,4.810594479418042e+18,77.9599373502188,-45.0438126993602,254.19859326384577,0.0168427433818578,6491.223339061598,-5708.614150045243,8.063551902770996,9.086243629455566,7.059597969055176,2.02664566040039,1.170168399810791,0.0,1.0039539337158203,2.02664566040039,False
Engle_2023,GJ 157.1,9.5,1.5,1.5,142.7,kinematics,6.719892517233754e+16,59.97722359716393,26.08875545690686,43.6472342258144,0.35264942,730.9157017329952,-255.8520335787411,11.467834,12.857243,10.2984495,2.558793,12.874119,,1.169385,,True
Engle_2023,LHS 353,4.42,1.52,2.13,61.2,wd_companion,3.6300155461771817e+18,202.5066423755024,-8.70917931639764,62.2806924078119,0.041980937,-1114.0153193697552,-473.8586392027861,12.70625,14.502465,11.427612,3.074853,1.5704417,,1.2786379,,True
Engle_2023,GJ 581,9.5,1.5,1.5,148.1,kinematics,6.322070093095494e+18,229.8563013332923,-7.722707024157902,158.71827296463243,0.030101538,-1221.2776289653712,-97.22923861858034,9.421787,10.813405,8.251837,2.5615683,1.3033525,0.0,1.1699505,2.5615683,True
Engle_2023,G130-6,3.6,1.73,1.84,49.5,wd_companion,2.87173075892171e+18,355.9701730825664,32.593828350519495,,,,,10.610644,11.941395,9.431913,2.5094814,,,1.178731,,
Engle_2023,LP 498-25,3.8,1.58,0.7,49.0,wd_companion,3.738752852026813e+18,204.7877468854365,12.156739432061372,19.279788020346192,0.023063565,122.24208464069316,-133.2449407745248,13.015613,14.282706,11.902324,2.3803825,1.2225158,,1.1132889,,True
Engle_2023,LP 856-54,2.52,0.61,1.58,23.27,wd_companion,6.177238671977087e+18,207.84714554547432,-27.56544382050014,26.680999777856275,0.01839942,71.41615057467749,-197.3124498723812,11.630171,12.732745,10.58804,2.1447048,1.126384,,1.0421305,,False
Engle_2023,G59-39,3.2,0.93,1.96,33.82,wd_companion,3.9309220583561134e+18,191.80432988339743,14.70456384640075,16.49849612789839,0.021312071,-354.72242963953374,149.3099996312833,12.7773905,13.775156,11.7843075,1.9908485,1.2233597,,0.993083,,True
Engle_2023,LP 775-52,3.39,0.2,0.29,36.9,wd_companion,3.175193288128401e+18,65.4322879086024,-16.000920048778102,21.3554414317908,0.029057447,267.44587033423124,-171.73070557909446,11.713509,12.747372,10.687969,2.0594025,2.0176597,,1.0255394,,True
Engle_2023,G111-72,3.64,0.68,1.35,38.96,wd_companion,9.083643874416576e+17,125.01659129695626,38.57694746083617,22.52434660109524,0.018565306,-181.91045107088627,-256.6081431554214,12.280472,13.390044,11.235033,2.1550112,1.3057456,0.0002,1.0454388,2.1548111,True
Engle_2023,HIP 43232 B,3.95,0.35,0.35,41.3,ms_companion,6.61794060190112e+17,132.10361650906583,20.705080361504653,13.60968072696216,0.018508242,-45.93470560864445,-34.74176155758028,13.873146,15.085483,12.779844,2.3056383,1.1696215,0.1312,1.0933018,2.1744382,False
Engle_2023,LP 587-54,6.34,1.38,1.49,59.5,wd_companion,2.4853053701143286e+18,20.81637020647648,-2.145728135802783,23.15136954730829,0.03186558,233.95583014880245,37.65201503804685,11.71621,12.845122,10.654177,2.1909456,1.5598187,,1.0620337,,True
Engle_2023,GJ 366,9.5,1.5,1.5,87.1,kinematics,1.1304502700739246e+18,146.70363523803653,76.03947042549247,63.325063023847214,0.01529024,87.3667512611242,-1000.440301995851,9.792734,10.867223,8.757159,2.1100636,1.0442513,,1.0355749,,False
Engle_2023,GJ 328,9.5,1.5,1.5,80.5,kinematics,5.776024963454902e+17,133.78195701408768,1.5418558693942337,48.74043421971609,0.018374817,44.94399530668833,-1045.8758431663468,9.289488,10.186295,8.353907,1.8323879,1.0623425,0.0005,0.9355812,1.831888,False
Engle_2023,GJ 2131 A,3.47,1.69,1.69,34.82,wd_companion,4.149820284980989e+18,266.4725484874863,-13.305792976227098,25.77943179786204,0.0309294052422046,55.256704877381786,92.75019370374528,11.218145370483398,12.150940895080566,10.262255668640137,1.8886852264404297,1.4233086109161377,,0.9558897018432616,,True
Engle_2023,LP 552-48,9.88,2.06,1.78,83.2,wd_companion,3.817534337625985e+18,170.87509547259216,7.024697236311857,27.02506049844168,0.46924323,172.10563522175994,-49.87962122637029,9.833677,10.587264,8.950231,1.6370335,27.549984,,0.8834467,,True
Engle_2023,LHS 343,11.5,1.5,1.0,89.2,kinematics,3.931313793733241e+18,194.0967075237245,15.68989248656627,17.38785833074205,0.015066933,-478.4577927373973,-1311.280499852875,13.252852,14.039905,12.386014,1.6538906,1.1211435,0.0004,0.86683846,1.6534907,False
Engle_2023,LHS 173,11.5,1.5,1.0,85.3,kinematics,2.2274934341444365e+17,52.227698158214295,37.37771073269072,36.90719800007177,0.0226272,1122.1763715002862,-1065.6656513527057,10.503306,11.299964,9.631461,1.6685028,1.2250491,,0.87184525,,True
Engle_2023,LHS 174,11.5,1.5,1.0,90.4,kinematics,2.2098919709605504e+17,52.68941572208075,34.01200058890383,36.65443101768253,0.033869635,497.8823177377405,-1499.3112796933915,12.035498,12.980215,11.070039,1.9101763,1.2666509,,0.96545887,,True
Engle_2023,NSV 11919,1.97,0.35,0.98,21.07,wd_companion,4.201781696994083e+18,290.13909487970443,-7.662944466801488,95.1783951524141,0.031006021,-70.59099363530763,-177.97403713224622,10.972157,12.369064,9.807171,2.5618935,1.1695817,,1.1649857,,False
Engle_2023,Gaia DR3 75525a,1.98,0.39,1.01,20.6,wd_companion,4.0215658270140247e+18,176.48532004722605,31.824025919704592,31.91490983810673,0.0293080136179924,-154.188317838324,-262.4732515214976,13.706892013549805,13.662728309631348,13.830787658691406,-0.1680593490600586,1.156918168067932,,-0.1238956451416015,,False
Engle_2023,G148-6,2.2,0.57,1.35,22.7,wd_companion,4.021566209266337e+18,176.4823529618982,31.82410244585442,31.63887765400161,0.3642143,-165.4478216855959,-260.0135252445386,12.808223,14.304039,11.611558,2.692481,18.951975,,1.1966648,,True
Engle_2023,GJ 821,9.5,1.5,1.5,86.2,kinematics,6.885776098199761e+18,317.32587881622555,-13.31137231459359,84.44018320948496,0.025683865,715.0641543639571,-1995.4456205314848,10.027026,11.107968,8.992317,2.1156511,1.0270468,0.0004,1.034709,2.115251,False
Engle_2023,LP 783-2,3.12,0.56,1.73,25.45,wd_companion,5.717278911884264e+18,115.0860829678518,-17.415137719851018,109.25448246098924,0.03917484,1152.243039954044,-536.4117210908856,13.95689,16.885386,12.506049,4.3793364,1.0867008,,1.450841,,False
Engle_2024,UCAC4 669-046011,0.3971915494694403,0.0399187113175114,0.0443788978838721,10.35,gyro_e23,9.620926072496626e+17,95.84284877880158,43.74141001481567,17.87828398271926,0.10983585,19.51297796429976,-83.65128563383661,12.528999,13.724881,11.441647,2.2832346,7.2904096,,1.0873528,,True
Engle_2024,TYC 3483-856-1,0.4083193863326921,0.0435654394070842,0.0487688032821829,10.54,gyro_e23,1.401005829306968e+18,233.1548725255392,46.88462090247825,38.11223872878805,0.01344942,-123.39172400344032,-10.00402658965643,10.712126,11.778458,9.684699,2.0937586,1.2103418,,1.0274267,,True
Engle_2024,G 176-13,0.516416369272071,0.0266375499036248,0.0280862835703502,10.75,gyro_e23,7.786718369837531e+17,166.5187761566016,42.879086537082046,14.878696084622652,0.0199909526854753,-162.9157781892285,-297.0582602342861,13.61422348022461,14.75311279296875,12.548223495483398,2.204889297485352,1.0653609037399292,,1.065999984741211,,False
Engle_2024,HAT 170-05945,0.5236004365857502,0.0270081151354141,0.0284770026950071,10.86,gyro_e23,2.1942665363658125e+17,60.60069973967772,36.14981100184709,15.675260923870374,0.017457101,51.38506630619298,-69.9476116807061,13.312289,14.659282,12.1655855,2.4936962,1.1286684,,1.1467037,,False
Engle_2024,EPIC 210741091,0.4325138310350087,0.0443634650443604,0.0494339665901186,10.95,gyro_e23,4.791781625391872e+16,66.31113667576857,18.973455972926324,18.569708027172418,0.03217943,97.28108105716188,-28.88760750152069,11.957183,12.925601,10.876818,2.0487833,2.0377967,,1.0803652,,True
Engle_2024,GJ 3367,0.5069907082747044,0.0530490916245011,0.0592485807635488,12.05,gyro_e23,3.2191324828970573e+18,86.82453154119679,-0.0138658465738423,38.55649750941488,0.017369715,-74.88078267259164,-70.65399028183498,10.206772,11.155877,9.242287,1.9135904,1.0528545,0.0017,0.96448517,1.9118904,False
Engle_2024,EPIC 210707811,0.4864072056914615,0.0508953320058929,0.0568431258009716,11.77,gyro_e23,4.772921564620608e+16,64.46150286122511,18.47505354496004,21.64021425359963,0.05619019,113.17087381270306,-30.77713833776765,12.703422,14.200756,11.500916,2.6998405,2.711683,,1.2025061,,True
Engle_2024,HAT 136-02868,0.6067363295885054,0.0326198673811778,0.0344732469966562,11.99,gyro_e23,9.29741264307572e+17,121.98799088590096,46.371843558829646,16.36869293822465,0.020834388,-3.608471370299775,-94.57096251654102,13.79732,15.359767,12.5864105,2.7733564,1.1089877,,1.2109098,,False
Engle_2024,V2689 Ori,0.5248074602497725,0.0559940781045073,0.062681892280004,12.29,gyro_e23,3.339921875389105e+18,84.12911430605554,11.327618308646477,87.529739914385,0.02423139,-2.817815205717777,-56.34970439770736,8.195061,9.082688,7.266804,1.8158841,1.1343596,,0.9282565,,False
Engle_2024,UCAC4 654-053944,0.3819442708400465,0.0399648283263376,0.0446352479615461,10.08,gyro_e23,1.5331841693948183e+18,186.2002116588868,40.726978365290606,21.59797851111663,0.032043472,-163.7995965795805,-10.12660548445862,11.271945,12.183311,10.3205805,1.862731,1.459928,,0.9513645,,True
Engle_2024,HAT 216-04245,0.6471426157485831,0.036200590843011,0.0383456107040784,12.49,gyro_e23,1.5955961989095475e+17,70.7200870679829,31.639701296245864,24.638179791888152,0.014270525,80.14298235055718,-102.93258887601692,13.116964,14.59344,11.924905,2.6685352,1.1576743,,1.1920595,,False
Engle_2024,EPIC 201482319,1.355189412351036,0.1106748005796509,0.1205171209248585,11.68,gyro_e23,3.7959936335274906e+18,176.9183832811517,0.2551360375501735,53.13605503515882,0.030373748,-314.28368121758723,-100.7567914738442,11.966902,13.605234,10.72741,2.8778238,1.3083901,,1.2394915,,True
Engle_2024,EPIC 206262336,1.2078138351067802,0.0935193015150501,0.1013680878926268,9.71,gyro_e23,2.6161321011751066e+18,334.3269747930502,-8.804702900332636,90.48928671844163,0.22206937,-462.214530864671,-288.04865490851233,12.086389,13.815758,10.819993,2.9957647,10.065195,,1.2663956,,True
Engle_2024,GJ 4071,1.1040786199020731,0.0831391361943931,0.0899094845622001,8.16,gyro_e23,4.505805591300126e+18,280.6872687939103,13.906220985923316,91.46437521554849,0.02833133,-31.03043266944882,354.24853724040906,11.40063,13.058919,10.151707,2.9072123,1.2275623,,1.2489233,,True
Engle_2024,UCAC4 643-115616,0.3597493351557423,0.035409717806393,0.0392755672063997,9.65,gyro_e23,1.950040638449192e+18,329.25991826256114,38.44229184349107,13.352887595673884,0.012950325,203.0082942649379,46.623071102536166,11.979858,12.80361,11.081624,1.7219858,1.2507414,,0.89823437,,True
Engle_2024,LP 197-37,0.4315190768277652,0.0213149738411584,0.0224225398224379,9.36,gyro_e23,3.409057104958017e+17,40.22013777652639,44.87677122577009,,,,,12.262008666992188,13.406530380249023,10.826869010925291,2.5796613693237305,,,1.4351396560668943,,
Engle_2024,2MASS J21154192+1746242,0.328095293113119,0.0316121541606848,0.0349827616569823,9.02,gyro_e23,1.7850745137219594e+18,318.9249753568837,17.773430267425596,13.94685799140304,0.4001569,58.84554584569676,-0.1997879786190144,12.2495365,13.298705,11.206197,2.0925083,28.173262,0.2243,1.0433397,1.8682083,True
Engle_2024,2MASS J08445708+4640261,0.4017908108489399,0.0198465400088934,0.020877803416663,8.81,gyro_e23,1.013652173512807e+18,131.23714991186745,46.67384123216338,23.82671491980492,0.017200503,-97.61330607259973,-25.654373643274752,13.238674,14.685504,12.062194,2.62331,1.2462974,,1.1764803,,True
Engle_2024,HIP 23309,0.309029543251359,0.0291314112879228,0.0321633683705694,8.6,gyro_e23,4.764027962957023e+18,75.19666437541598,-57.25674085176277,37.21185747681589,0.01258996,35.38835067056905,74.11315957504551,9.37731,10.327255,8.403519,1.9237366,1.0049267,,0.9737911,,False
Engle_2024,G 151-64,1.1220184543019631,0.0844900384839506,0.0913703961630139,8.43,gyro_e23,6.321908842843721e+18,232.2551850309864,-6.214281600858726,29.54787656958497,0.04111988,-187.92608723842983,-307.0583744175582,12.601438,14.201089,11.376095,2.824994,1.600922,0.0,1.2253428,2.824994,True
Engle_2024,UCAC4 729-006249,0.2985382618917959,0.0281424254809116,0.0310714502856617,8.35,gyro_e23,4.185821568516938e+17,9.143620105279684,55.62668356544695,22.928541492467755,0.0190501,55.09185757018877,-9.89350222192405,11.322371,12.254256,10.366407,1.8878489,1.1092676,,0.95596313,,False
Engle_2024,TYC 3425-1133-1,0.2985382618917959,0.0281424254809116,0.0310714502856617,8.35,gyro_e23,8.190710509892178e+17,139.7527279078717,46.18199791463232,33.39146309471681,0.025434533,-151.05512000748868,-21.336044706054167,11.151594,12.253352,10.105474,2.1478777,1.2761805,,1.0461197,,True
Engle_2024,1RXS J051125.0+265849,0.2877398414735669,0.0271244864736773,0.02994756559141,8.09,gyro_e23,3.4217750571737216e+18,77.85906994806096,26.97938412245807,5.688264173809042,0.36417848,-5.1109439978645455,-18.744086549876663,13.283457,14.320362,12.11613,2.2042322,25.129827,,1.1673269,,True
Engle_2024,EPIC 202059204,0.2792543841237337,0.0263245844791193,0.0290644109012016,7.89,gyro_e23,3.38340553734038e+18,96.56052009713102,23.826772599036275,36.33929974573389,0.023231208,-10.788024188896369,-136.23384494983307,10.9956455,12.08765,9.955789,2.1318617,1.0708205,0.0009,1.0398569,2.1309617,False
Engle_2024,UCAC4 666-047939,0.2779713267759288,0.0262036340000433,0.0289308720631868,7.85,gyro_e23,9.640647488569743e+17,99.94395601652042,43.051081665568205,16.22459426506625,0.065669954,-6.195174770163102,-115.24427436513808,12.624192,13.942026,11.480688,2.461338,5.4592376,,1.1435041,,True
Engle_2024,TYC 2703-706-1,0.2760577856220345,0.0265983129277391,0.0294343256995167,7.8,gyro_e23,1.8517871798790072e+18,319.6409607077273,30.242849978138164,26.759009658101565,0.017548015,59.35292938026393,-22.444229855352216,10.937753,11.932399,9.945482,1.9869165,1.17442,,0.99227047,,False
Engle_2024,1RXS J040731.6+340525,0.6501296903430906,0.0363676851782964,0.0385226060011854,12.54,gyro_e23,1.707125848103479e+17,61.87952735484612,34.09086342835092,16.438081429941082,0.019190034,85.17042549185443,-37.94214610265841,13.513098,14.882803,12.358767,2.5240364,1.2326483,,1.1543312,,True
Engle_2024,CK Ari,0.3622429984166986,0.0356551662443627,0.0395478124322413,9.7,gyro_e23,1.1799017762100774e+17,51.80925387706472,27.385490683825704,32.96413849844113,0.020623093,-101.73524086347182,-56.67944070581564,10.894056,11.923955,9.888493,2.0354624,1.2067317,0.0002,1.0055637,2.0352623,True
Engle_2024,PM J04310+3647,0.7144963260755134,0.0399682983775914,0.042336568945461,13.26,gyro_e23,1.7801000911923814e+17,67.74977744640249,36.79851783382173,24.530738728670016,0.2756617367267608,-58.056753810506,-24.73932689535235,12.805269241333008,13.590004920959473,11.04421329498291,2.5457916259765625,11.844971656799316,,1.7610559463500977,,True
Engle_2024,GJ 694.2,1.0739894123412448,0.1320998158184034,0.1506267869238038,17.3,gyro_e23,1.362592672604119e+18,266.3895674912594,46.85550915692615,46.53442390051404,0.035617147,-18.61400249005781,31.94608501061304,9.962462,10.948614,8.9459095,2.0027046,2.1763456,,1.0165529,,True
Engle_2024,BD+16 2708 (GJ 569 A),0.6397348354826481,0.0708819046388066,0.0797141425210513,13.68,gyro_e23,1.1878516532871286e+18,223.62310860272,16.100530964762918,100.52427049433877,0.0210066959261894,279.117449001282,-117.90818054053804,9.123367309570312,10.315930366516112,8.034248352050781,2.281682014465332,1.1933485269546509,0.0,1.0891189575195312,2.281682014465332,False
Engle_2024,Ross 868 (GJ 669A),1.927524913190936,0.1327912863584095,0.1426164356001058,20.95,gyro_e23,4.574048021719711e+18,259.9747987710552,26.50241183806962,92.98565081391038,0.0252438765019178,-214.8369360518965,350.85021715315656,10.147985458374023,11.629905700683594,8.949299812316895,2.680605888366699,1.4012246131896973,0.0,1.198685646057129,2.680605888366699,True
Engle_2024,1RXS J165257.4+255744,1.6292960326397223,0.2200072342178476,0.2543530568500782,20.22,gyro_e23,1.3062779204128768e+18,253.236287891546,25.95868786691877,13.870792385874388,0.0132097965,-45.56991567900423,36.279605226420166,12.862145,13.958965,11.822521,2.136444,1.0795532,0.2405,1.0396242,1.8959441,False
Engle_2024,GJ 606,1.5776112696993487,0.2098824441034996,0.2420895889106347,20.0,gyro_e23,4.347870370990205e+18,239.97333281720185,-8.253319518751894,75.29409426657962,0.02317745,202.4425447694917,-25.625643916501858,9.601218,10.726547,8.545803,2.1807442,1.3153642,,1.0554152,,True
Engle_2024,UCAC4 619-055248,1.6710906143107076,0.1187036043526252,0.1277803008180802,19.84,gyro_e23,4.602078902438064e+18,262.61089265263854,33.748518614832584,38.34833427579703,0.01599083,-76.28227575690505,135.06922333422352,12.239866,13.703723,11.054968,2.648755,1.1866386,,1.1848984,,False
Engle_2024,GJ 49,1.4588142602753484,0.1882401550668067,0.2161286157510888,19.45,gyro_e23,5.228633099649875e+17,15.668950820681058,62.345451222893885,101.42379529598418,0.016878147,731.0879947758527,90.53173556175588,8.671337,9.792029,7.6165996,2.1754298,1.0359348,,1.0547376,,False
Engle_2024,GJ 3822,1.2387965865303692,0.1573626352324311,0.180260935158723,18.3,gyro_e23,1.2299774140806802e+18,210.5822228115632,13.689010662602763,49.1192503121688,0.019590724,99.02891920125164,-140.62223997395353,9.840229,10.858652,8.839605,2.0190468,1.1817048,,1.0006237,,False
Engle_2024,HG 8-1,1.247383514242943,0.0832574848324516,0.0892120023034992,17.57,gyro_e23,1.631525490132704e+17,63.72417623682426,27.75722874591913,44.11720513136363,0.03296239,231.5289065886094,-120.19568030474136,11.572173,12.981087,10.399214,2.581873,1.1467971,,1.1729593,,False
Engle_2024,EPIC 202059231,1.093956366272094,0.1345557347561607,0.1534271479708491,17.43,gyro_e23,3.3783344823363896e+18,102.22990768348006,21.134105180937947,28.59480519968024,0.022303382,-37.90176976899959,-61.69721158224456,11.978293,13.253731,10.859831,2.3939,1.2986465,0.0002,1.1184626,2.3937,True
Engle_2024,GJ 21,1.0889300933334334,0.2017740812954724,0.2476654232130088,17.4,gyro_e23,5.301580198552169e+17,6.717799155156741,70.1417718861894,61.87311043571923,0.012971682,-137.0939507379547,-146.23256003655098,9.700621,10.749013,8.684382,2.0646305,1.0074942,,1.0162382,,False
Engle_2024,CW UMa,0.3515604405282981,0.0165950013704704,0.0174171580418522,7.78,gyro_e23,7.582007128859533e+17,167.96464803741873,33.53697074560677,74.88387307220047,0.031113254,-175.97383930612426,116.54723173327582,11.136029,12.6292925,9.937554,2.6917381,1.1366289,,1.1984749,,False
Engle_2024,GJ 373,1.0543868963912588,0.185426467104957,0.2249944077662657,17.18,gyro_e23,1.0515470522182202e+18,149.0331749118223,62.78586947842925,95.04771290601064,0.015691645,-303.9218502410663,-583.4128868434314,8.231167,9.188957,7.261147,1.9278102,0.98848855,0.0002,0.9700198,1.9276102,False
Engle_2024,GJ 338B,0.9727472237769652,0.1157093785465954,0.131331396125108,16.61,gyro_e23,1.0224561048508928e+18,138.5913117966687,52.68342944184038,157.8824911260602,0.021135049,-1573.0402244550992,-659.9060008123529,7.054455,7.9594064,6.1129565,1.8464499,1.118406,,0.9414983,,False
Engle_2024,G 115-72,0.9727472237769652,0.1176805108922818,0.1338765602007011,16.61,gyro_e23,8.194411783867277e+17,140.7137797308093,46.78300339680779,29.43124920672492,0.018175945,-210.15664849987644,-112.8430627425344,10.869004,11.860968,9.88215,1.9788179,1.086934,,0.98685455,,False
Engle_2024,G 123-35,0.744731973905989,0.0432766754860177,0.0459466540938361,13.59,gyro_e23,1.534831272173203e+18,187.2610461646017,41.72942423929911,42.53632376755093,0.077516824,-187.6715112672824,-216.38278034671333,11.636573,13.179961,10.422037,2.757924,3.271062,,1.2145357,,True
Engle_2024,BL Lyn,0.3548133892335754,0.0167485530275938,0.017578317020993,16.4,gyro_e23,8.985061661876333e+17,112.98739022537632,36.22866483400494,83.3999781450608,0.025737088,-264.28149359508706,-260.26542181128644,10.505624,12.051916,9.2852955,2.7666206,1.1862601,0.0,1.2203283,2.7666206,False
Engle_2024,GJ 3942,0.9311078754678304,0.122011976289448,0.140411429769776,16.3,gyro_e23,1.42803062252698e+18,242.26459230624124,52.94415284692017,58.99709854203002,0.013271692,204.16399855722867,62.09277705950411,9.4123,10.396578,8.431186,1.9653921,1.1466008,0.0006,0.9811144,1.9647921,False
Engle_2024,StKM 1-1407,0.9099132726322516,0.1082352092445724,0.1228481331291458,16.15,gyro_e23,1.3080580640974057e+18,252.7802932612634,28.60081505060694,27.82544564179853,0.05755399,-24.44296092436392,114.97733927916188,10.846678,11.807675,9.870769,1.9369068,4.4450736,,0.97590923,,True
Engle_2024,UCAC4 650-018148,0.9099132726322516,0.1082352092445724,0.1228481331291458,16.14,gyro_e23,2.268554352292425e+17,60.353708322117576,39.88156474676463,19.073092668488428,0.029446136,109.7383463574441,-78.92326924931768,11.695824,12.799614,10.6490135,2.1506004,1.7628814,,1.0468102,,True
Engle_2024,HD 11507,0.8649679187756932,0.1028889087502812,0.1167800242442911,15.8,gyro_e23,5.134635708766251e+18,28.208951776479687,-22.43486455959262,90.417087740951,0.021281939,845.6319915928295,-1.5052937240260984,8.186272,9.119309,7.2316756,1.8876338,0.9196096,,0.95459604,,False
Engle_2024,TYC 3142-1028-1,0.8472274141405964,0.1093231840114954,0.1255198096363686,15.65,gyro_e23,2.101992694430576e+18,290.38407222879454,42.515209619104674,31.47194002743817,0.20242548,54.73541827537156,141.7272803392939,11.176562,12.388435,10.074933,2.3135023,13.228264,,1.1016293,,True
Engle_2024,1RXS J133332.0+364153,0.8128305161640993,0.0950362248927375,0.107619055589072,15.36,gyro_e23,1.475079309195355e+18,203.3867911195119,36.695763805647296,8.600569205131114,0.12716743,-54.12279679884083,-9.991544029431186,13.161207,14.15399,12.150093,2.0038967,11.507676,,1.0111141,,True
Engle_2024,G 74-25,1.667247212551063,0.1501968450917261,0.1650672098201486,15.29,gyro_e23,3.2864323956564186e+17,36.41178275195324,37.54245676027941,34.6264284234489,0.029521262,286.1919481706369,-66.31882209763094,12.62925,14.205266,11.410813,2.7944527,1.5390193,0.0,1.2184362,2.7944527,True
Engle_2024,UCAC3 242-88245,0.9057326008982,0.0545945626958236,0.0580964227257704,15.1,gyro_e23,8.860571820034778e+17,111.2359724255376,30.910391275850856,34.9489391207318,0.5475016,-134.4095085308124,10.40270807069801,11.780699,13.153359,10.608825,2.5445347,24.92357,,1.171874,,True
Engle_2024,GJ 3127,0.8709635899560807,0.0524988018212908,0.0558662334232685,14.79,gyro_e23,2.461635667907177e+18,30.195246964342434,-10.35738561514347,34.353513205423226,0.031040043,-372.8792926217764,-364.6443876070824,12.778251,14.339484,11.564702,2.7747822,1.5906608,,1.2135487,,True
Engle_2024,UCAC4 617-130729,0.8649679187756932,0.0521374026115939,0.055481652977478,14.75,gyro_e23,1.905055700744817e+18,334.6780341496085,33.35373479329276,18.521732313967338,0.01877569,57.592651354617296,-15.036915218287564,11.913482,13.186471,10.789883,2.3965883,1.2933388,,1.123599,,True
Engle_2024,LP 331-57A,0.8433347577642754,0.0508334272838035,0.054094036736473,14.54,gyro_e23,1.3105133422809485e+18,255.9712102029427,32.19655819582678,54.27147396330813,0.3380636870861053,192.95677399504004,97.16082940424306,10.869014739990234,12.194414138793944,9.605082511901855,2.58933162689209,21.78748321533203,,1.263932228088379,,True
Engle_2024,GJ 410,0.7211074791828996,0.0813726437002514,0.0917230369811996,14.52,gyro_e23,3.988689609004983e+18,165.660442631078,21.96690929052043,83.76419563486569,0.0203579142689704,142.77050015541252,-51.66078672242831,8.811088562011719,9.819595336914062,7.81390380859375,2.0056915283203125,1.1218639612197876,0.0003999999898951,0.9971847534179688,2.0052915283304173,False
Engle_2024,StKM 1-1215,0.660693448007596,0.0799290304862839,0.0909294460106094,13.91,gyro_e23,1.290392657450571e+18,227.662270358258,33.68914422588433,30.71353177337149,0.012746712,-115.71038038752803,-45.817593399552045,10.411062,11.292404,9.487696,1.8047085,1.1618264,,0.92336655,,False
Engle_2024,GJ 338A,0.9311078754678304,0.2854536464331748,0.4116570856700334,16.3,gyro_e23,1.022456139210632e+18,138.5835616152243,52.68408016691263,157.88793077923938,0.019652834,-1545.7874520604669,-569.052823523412,6.976026,7.8634076,6.046104,1.8173037,1.0839477,,0.9299221,,False
Engle_2024,SCR J1107-3420B,1.0715193052376064,0.0784032568166726,0.0845929369544924,7.61,gyro_e23,5.401688460176652e+18,166.9596559883445,-34.35129898487057,,,,,13.811878,15.312731,12.1774235,3.1353073,,,1.6344547,,
Engle_2024,HAT 122-01032,0.8871560120379609,0.0611180624607822,0.0656401519856909,4.38,gyro_e23,3.931559848148481e+17,2.025945508249953,47.95067855186984,53.623183787846,0.03065867,-124.05565122909393,4.3616892282195305,11.423243,12.989094,10.1998205,2.7892733,1.2686943,0.0,1.223422,2.7892733,True
Engle_2024,UCAC4 678-130516,0.2409905428686594,0.0222143804737042,0.0244700133288945,6.85,gyro_e23,1.941126622803034e+18,347.91176908037005,45.54039730754014,13.234145183462353,0.013381511,52.20234433022563,-4.166332247485421,12.042918,12.899901,11.126572,1.7733297,1.2563899,,0.91634655,,True
Engle_2024,UCAC4 681-049380,0.1432187899273543,0.0123005976274136,0.0134563170834605,3.22,gyro_e23,9.288275701443444e+17,123.95339818513816,46.02177021341276,23.11318682883245,0.019870693,-118.91388887746116,-75.39137437818887,12.266249,13.431188,11.194427,2.236761,1.4294192,,1.0718222,,True
Engle_2024,LP 709-18,0.1936421963946607,0.0082890340531796,0.0086597214731664,3.15,gyro_e23,2.461728194387221e+18,30.43402323907605,-10.290317824118802,53.52584530956008,0.022055056,274.7914850508257,244.101677167584,13.026334,14.716257,11.785898,2.930359,1.228108,,1.2404356,,True
Engle_2024,LP 851-399,0.8241381150130023,0.0567766256511833,0.0609774948178332,3.07,gyro_e23,3.49263823798611e+18,179.47148288573285,-23.81699799252837,26.623585142702883,0.023275252,-281.61238065916086,-27.183090146586387,13.280322,14.99575,12.025668,2.9700823,1.4101081,,1.2546539,,True
Engle_2024,UCAC4 587-034710,0.1399587322572618,0.0120206018415093,0.0131500139109412,3.05,gyro_e23,3.385237181976223e+18,102.95130100567556,27.20129350543197,21.84677249688751,0.018614609,-6.082920755882948,-115.6175188019668,11.296736,12.187493,10.364001,1.823492,1.0117419,,0.9327345,,False
Engle_2024,GJ 729,0.1874994508067418,0.0080260881234892,0.0083850165438571,2.9,gyro_e23,4.075141768785647e+18,282.4587890175222,-23.83709744872712,336.0266016683708,0.031666122,639.367850335873,-193.95792507116096,9.126414,10.732183,7.898147,2.8340364,0.98801184,,1.2282672,,False
Engle_2024,GJ 494,0.1367728825595849,0.0117469795378129,0.0128506830498584,2.89,gyro_e23,3.737308025029349e+18,195.1911254275066,12.3755949261537,86.90096932259803,0.11696227,-628.7153076633822,-33.47184830837257,8.89914,9.993012,7.846313,2.1466994,4.1922174,,1.0528274,,True
Engle_2024,1RXS J031028.8+285952,0.186637969083467,0.0079892115982619,0.0083464908923375,2.87,gyro_e23,1.220436646756928e+17,47.619554620406056,28.99694616930648,16.76984686709385,0.1432821,-63.883684363227786,-42.36640881514609,13.127443,14.453886,11.952431,2.5014553,8.674971,,1.1750126,,True
Engle_2024,EPIC 204957517,0.8109610578538408,0.0558688301884068,0.0600025321022399,2.82,gyro_e23,6.244712475056968e+18,245.1736783468304,-20.08777352232621,,,,,12.326397,13.942892,11.07564,2.8672523,,,1.2507572,,
Engle_2024,LP 152-39,0.1348962882591653,0.0115858049362744,0.012674365068424,2.79,gyro_e23,3.5676441338535014e+17,29.55825338637456,48.73859302728839,22.017445039653847,0.13727635,203.9224136599542,-54.93067168914575,11.642244,12.812923,10.552266,2.2606573,10.148448,,1.0899782,,True
Engle_2024,GJ 285,0.8090958991783823,0.0557403354446649,0.0598645301079194,2.78,gyro_e23,3.1369526860352507e+18,116.1658359308822,3.5504844454883244,166.97689652666736,0.034340866,-347.78160133471783,-445.7017799350484,9.692206,11.416927,8.419889,2.997038,1.3503697,0.0001,1.2723169,2.996938,True
Engle_2024,CK Tri,0.1336595516546442,0.011479585638157,0.0125581657910276,2.73,gyro_e23,3.267601197447474e+17,37.401319469666014,34.39480448255867,26.02814238593467,0.09792218,-47.66386416027811,-111.36035927906865,11.586893,12.717959,10.524907,2.1930523,5.2554617,,1.061986,,True
Engle_2024,UCAC4 630-046962,0.1327394457729739,0.0114005607264762,0.0124717159858002,2.69,gyro_e23,4.031634570385585e+18,178.23757140958045,35.91287976185997,25.142112426517688,0.026488176,-99.8609886397936,23.798304520372163,12.636212,13.9567995,11.497874,2.4589252,1.6665152,0.0,1.1383381,2.4589252,True
Engle_2024,GSC 03517-00212,0.1312199899019203,0.0112700595869824,0.0123289534334452,2.61,gyro_e23,1.3669259467114445e+18,264.24700959523653,48.99674380879469,18.33259163231491,0.17927185,-2.181372901843197,145.38783013099416,12.164504,13.448789,11.03691,2.4118786,15.11123,,1.127594,,True
Engle_2024,LP 302-37,0.1803017740859569,0.0077179848869365,0.0080631348630231,2.6,gyro_e23,1.5186616523295654e+17,69.03605982270123,27.555402507049344,12.16563922667001,0.038358323,-4.4680595916643,-227.3866938635392,13.715815,15.194594,12.520053,2.6745415,2.2806277,,1.1957617,,True
Engle_2024,EPIC 210434976,0.7998342550070284,0.0551022811010394,0.0591792664983672,2.55,gyro_e23,3.952733993973811e+16,57.75362515958014,14.227416751114406,24.979316098298924,0.043800503,70.12732315247736,-74.87811611565232,12.493373,14.173596,11.231292,2.9423046,1.924458,,1.2620811,,True
Engle_2024,1RXS J231233.3+391140,0.1288249551693134,0.0107928916041404,0.011779797243678,2.47,gyro_e23,1.9176825266367708e+18,348.13505308942075,39.1924655095998,13.152360189010484,0.014185143,50.500870408238114,-9.741176004493962,13.542837,14.879381,12.400732,2.4786491,1.098103,,1.1421051,,False
Engle_2024,EPIC 210651981,0.1282330582656021,0.0107433027716491,0.0117256739916596,2.44,gyro_e23,3.3141851299759606e+18,67.12038862642493,17.695791947186837,20.91843408231149,0.4033973813056946,109.48695047352118,-44.22729129657963,11.360384941101074,12.490326881408691,10.255144119262695,2.235182762145996,15.092350959777832,,1.105240821838379,,True
Engle_2024,2MASS J16243140+4549570,0.1745822152920503,0.0074731538609796,0.0078073549399134,2.36,gyro_e23,1.4097120716132076e+18,246.13043788003728,45.83286246959901,,,,,13.935112953186035,15.031021118164062,12.2141752243042,2.816845893859864,,,1.720937728881836,,
Engle_2024,HIP 112312,0.1745822152920503,0.0074731538609796,0.0078073549399134,2.355,gyro_e23,6.603693881832178e+18,341.24246814684966,-33.251032101917744,47.92184273110373,0.025237111,179.9451085900137,-123.18825355296836,10.744967,12.301904,9.523224,2.7786798,1.138691,,1.2217436,,False
Engle_2024,G 70-46,0.7888601176185545,0.0543462494614395,0.0583672965220419,2.35,gyro_e23,2.538451703458011e+18,18.199883791033745,1.9111830848681728,48.19592252158743,0.036870994,447.8480324195109,49.3601249216,12.65172,14.326811,11.401108,2.925703,1.4142983,,1.2506123,,True
Engle_2024,1RXS J030708.3+323528,0.1264736347471151,0.0105958991316025,0.0115647917131733,2.35,gyro_e23,1.3588541655835405e+17,46.79063342965316,32.588525238140555,16.032906551371667,0.018116122,48.55450589775957,-97.69157964546932,13.025669,14.230686,11.935522,2.295164,1.2388854,,1.090147,,True
Engle_2024,EPIC 201909533,0.1256029963694875,0.0105229574750439,0.0114851802469978,2.29,gyro_e23,3.899393459350373e+18,177.98619476241154,7.523672451455853,19.70524587339469,0.02800899,-126.45109233453852,-81.68374644711278,11.408315,12.59398,10.320908,2.2730722,1.1829473,0.0001,1.0874071,2.2729723,False
Engle_2024,1RXS J175537.7+485740,0.1721868574986007,0.0073706183460498,0.0077002340142781,2.24,gyro_e23,1.363409369224902e+18,268.9116546849286,48.961864683192864,17.929039853268854,0.06151768,72.76991435921822,84.25630871538274,13.310752,14.753873,12.05628,2.6975927,6.763552,,1.2544718,,True
Engle_2024,BD+20 2465 (AD Leo),0.1721868574986007,0.0073706183460498,0.0077002340142781,2.24,gyro_e23,6.254536547027519e+17,154.89881370110675,19.869809905451323,201.40642101948623,0.0296157002449035,-498.6203603111094,-43.42766908201863,8.20409107208252,9.597193717956545,7.032550811767578,2.564642906188965,1.154494285583496,9.999999747378752e-05,1.1715402603149414,2.564542906191491,False
Engle_2024,1RXS J041330.7+251052,0.1241652307592411,0.010402502176898,0.0113537104758625,2.22,gyro_e23,1.5019758761831974e+17,63.38039257915008,25.177114833693928,11.691108186189489,0.018287642,-17.98522223818827,13.744542730121935,13.8260355,15.051762,12.728703,2.323059,1.1086924,,1.097333,,False
Engle_2024,LP 735-29,0.7780365510398041,0.053600590964814,0.0575664671914439,2.1,gyro_e23,3.5303837849718e+18,191.00091142330737,-11.175787631619018,70.5719536538671,0.034502838,-478.9387802585861,-153.02375633072205,12.634542,14.430498,11.353422,3.077076,1.3747411,,1.2811203,,True
Engle_2024,LP 831-35,0.1686553025388741,0.0072194468562254,0.0075423021022887,2.08,gyro_e23,5.075098253634738e+18,47.51317890406764,-23.692505621037608,37.86259262021672,0.03008357,98.89652659243208,-140.60807376204826,12.230226,13.723564,11.024927,2.698637,1.7196255,,1.2052984,,True
Engle_2024,1RXS J085922.2+403351,0.1438798578255845,0.0123573746063607,0.0135184286210374,3.25,gyro_e23,7.204545860798438e+17,134.8404083720886,40.5630964670347,6.60764204770103,0.01948626,-41.52506166236072,6.877281413861577,13.9689245,15.007371,12.940742,2.0666294,1.1046598,,1.028183,,False
Engle_2024,GJ 9520,0.1465547840955911,0.0125871153529976,0.013769754973413,3.37,gyro_e23,1.214160733157163e+18,230.4709402440269,20.97832225750799,87.3251282499995,0.021393318,81.50276714893707,128.0781918555097,9.124214,10.272954,8.05256,2.2203941,1.2867457,,1.0716543,,True
Engle_2024,LP 195-34,0.1995262314968879,0.0085409056402641,0.0089228568128409,3.39,gyro_e23,3.4747120796125005e+17,26.522511698466463,41.51354405453351,24.59738708487609,0.020278038,217.43424239531265,-31.72170074411612,13.691531,15.3909235,12.439882,2.9510412,1.1033291,,1.2516489,,False
Engle_2024,HAT 169-07364,0.1475706533275894,0.012674365068424,0.0138652023550591,3.42,gyro_e23,2.1965191608120832e+17,57.19896382546726,35.08263402405452,9.356378163888287,0.015937662,33.40593439350282,-42.294807149681,13.300276,14.345949,12.279472,2.0664768,1.0818021,0.2288,1.0208035,1.8376768,False
Engle_2024,UCAC3 151-377752,0.3069021988391157,0.0144869610547822,0.0152046802892277,6.72,gyro_e23,6.887195533352079e+18,311.2006785185638,-14.890263095392632,22.68694160248134,0.027021542,132.27944006232116,-244.66881606728333,13.076416,14.636577,11.775227,2.86135,1.7149025,0.0001,1.3011894,2.8612502,True
Engle_2024,CD-72 1700A (GJ 1264),0.2349632820848307,0.0211670731346075,0.0232627369786289,6.67,gyro_e23,6.371169987426205e+18,327.2790186533685,-72.10365039026789,60.776279676040986,0.0689281672239303,347.34626492507533,-250.9500363723864,9.191134452819824,9.856142044067385,7.82235860824585,2.033783435821533,1.3524619340896606,,1.3687758445739746,,True
Engle_2024,HAT 214-03527,0.2999162518987651,0.013498454908107,0.0141346174888566,6.55,gyro_e23,1.1973688928109914e+17,52.629649572307066,28.73822660093952,22.623130497878755,0.0191370863467454,-64.30149605665055,-47.86377333255688,13.288647651672363,14.745439529418944,12.107007026672363,2.638432502746582,1.2714236974716189,,1.181640625,,True
Engle_2024,TYC 3059-299-1,0.227509743077207,0.0204956081981028,0.0225247930924361,6.46,gyro_e23,1.3966174722420872e+18,236.59597156234287,44.054180454985975,21.49916001805263,0.013169223,-86.91740608163911,17.57376901923605,11.226166,12.083434,10.31621,1.7672243,1.1402445,0.0876,0.909956,1.6796243,False
Engle_2024,LP 149-56,0.2182729911843001,0.019663499448563,0.0216103007176489,6.17,gyro_e23,3.9417794651027725e+17,5.491666783457219,49.21067992346468,33.74700056858529,0.042715199291706,209.1668502884324,-29.16658548513572,14.36547565460205,15.921735763549805,12.947270393371582,2.9744653701782227,2.047325372695923,,1.4182052612304688,,True
Engle_2024,UCAC4 610-011032,0.2741574171927882,0.0123391163708897,0.0129206410096808,5.85,gyro_e23,1.687747986440946e+17,59.13856782890054,31.956605800940338,20.834982327310296,0.02617249,123.16552072861325,-65.02935994574821,12.718666,14.235617,11.509581,2.726036,1.3445165,,1.2090855,,True
Engle_2024,1RXS J175750.3+471634,0.1972422736114853,0.0173551820986065,0.0190295787612166,5.45,gyro_e23,1.350982413929938e+18,269.4555144037313,47.274253898997664,7.030250148533027,0.012047013,-13.6913949618815,-65.95301072451002,14.034032,15.107383,12.999323,2.10806,1.0429187,,1.034709,,False
Engle_2024,GSC 02083-01558,0.1940885877592778,0.0170776919275357,0.0187253168389933,5.34,gyro_e23,4.595155617018571e+18,261.83156520947347,27.150208278125145,,,,,12.7884,13.751482,11.29042,2.4610624,,,1.4979801,,
Engle_2024,EPIC 202059229,0.1849268618978078,0.0162715593589337,0.0178414100543204,5.01,gyro_e23,3.3577018030418857e+18,101.69010351448524,15.961599855441946,44.68831824262188,0.019712716,-99.31910363228536,-25.34988146756062,10.243071,11.285658,9.23299,2.0526676,1.0866896,,1.0100803,,False
Engle_2024,au Mic,0.1811340092619602,0.0159378294390587,0.0174754824737769,4.86,gyro_e23,6.794047652729201e+18,311.2911826481039,-31.3425000799281,102.9431913175485,0.0231121890246868,281.31903452626165,-360.14771869635376,7.84343957901001,8.909955978393555,6.79863166809082,2.1113243103027344,0.9273568391799928,,1.0448079109191897,,False
Engle_2024,BD-17 6768,0.1803017740859569,0.0158646017644637,0.0173951899252291,4.83,gyro_e23,2.395220664463237e+18,353.195749607913,-16.753428366165277,,,,,10.032564163208008,10.54765510559082,8.197610855102539,2.350044250488281,,,1.8349533081054688,,
Engle_2024,HAT 222-10112,0.1790605854035294,0.015755390614096,0.0172754422800752,4.77,gyro_e23,8.770285465682628e+17,121.73903965957962,30.69848091036775,4.676318383424095,0.12481157,2.5439794896089367,-77.56182563421557,14.442828,15.432125,13.438025,1.9940996,5.436591,,1.0048027,,True
Engle_2024,2MASS J04160235+3325301,0.1790605854035294,0.015755390614096,0.0172754422800752,4.77,gyro_e23,1.6972814394118195e+17,64.00997327843805,33.42501055009305,9.244559047382536,0.0500624738633632,21.04644742430932,-39.42300555009399,13.127882957458496,13.670291900634766,11.366382598876951,2.3039093017578125,1.273910403251648,,1.761500358581543,,True
Engle_2024,LHS 1358,0.9057326008982,0.0623978431339247,0.067014622878765,4.73,gyro_e23,2.507016253701863e+18,33.23006351010599,0.0048112291822607,65.49326176781493,0.030759068,555.4174047333511,28.9846837089732,12.096099,13.802006,10.8414755,2.9605303,1.378645,,1.2546234,,True
Engle_2024,GJ 182,0.1698243652461744,0.0149427033549263,0.0163843484201123,4.41,gyro_e23,3.231945508509506e+18,74.89531686420116,1.7830976094866862,40.98991853704772,0.012788684,39.13015332083248,-94.90036144196908,9.322068,10.258825,8.3573885,1.9014368,0.89986295,,0.9646797,,False
Engle_2024,GJ 4274,0.8892011178579484,0.0631631682807697,0.067992953436896,4.41,gyro_e23,2.595284016771502e+18,335.78059284429975,-17.610507570693272,138.2280013262178,0.0481679439544677,308.71178080407003,-718.3872158061436,11.55070686340332,13.531299591064451,10.227819442749023,3.3034801483154297,1.172364354133606,,1.3228874206542969,,False
Engle_2024,G 152-1,0.8871560120379609,0.0611180624607822,0.0656401519856909,4.38,gyro_e23,6.32224532346491e+18,228.93144176458915,-7.423666184410096,57.143798941775984,0.1228116825222969,-141.35264986111375,-278.33555014781604,12.269524574279783,13.162254333496094,10.315801620483398,2.846452713012696,1.1062588691711426,,1.9537229537963867,,False
Engle_2024,GJ 3218,1.8492686189780785,0.257059891926908,0.2985618551524556,21.1,gyro_e23,5.16964907243705e+18,50.446960911897975,-6.673604628558178,57.99341505221649,0.022065219,323.46374433498465,-47.60365456791931,10.36248,11.57165,9.274028,2.2976217,1.4177035,,1.0884523,,True
Engle_2024,EV Lac (GJ 873),0.8871560120379609,0.0611180624607822,0.0656401519856909,4.3715,gyro_e23,1.9342633337840369e+18,341.7028254522359,44.3319533233193,197.9573009467556,0.0219906419515609,-706.2158109750716,-458.9196274161519,9.005234718322754,10.522136688232422,7.791977405548096,2.730159282684326,1.1048330068588257,,1.2132573127746582,,False
Engle_2024,FK Aqr (GJ 867A),0.1655769963469528,0.014220871503332,0.0155570129150074,4.23,gyro_e23,2.400808142038361e+18,339.6920274130413,-20.62148673061316,112.38592357649058,0.0554678179323673,449.206795800205,-79.04593113248174,8.17037582397461,9.348134994506836,7.082779407501221,2.2653555870056152,2.936165809631348,0.0001999999949475,1.087596416473389,2.265155587010668,True
Engle_2024,2MASS J05071824+5307115,0.1655769963469528,0.014220871503332,0.0155570129150074,4.23,gyro_e23,2.661070039086601e+17,76.82616697319061,53.119473765947305,,,,,13.01263427734375,13.658243179321287,11.628704071044922,2.029539108276367,,,1.383930206298828,,
Engle_2024,G 173-18,0.1629296032639722,0.0139934954928807,0.0153082734808367,4.12,gyro_e23,3.510457202626861e+17,26.32838781494807,46.53647456761724,39.4243443176176,0.02406444,387.6197191553855,217.23337641869875,10.552077,11.762409,9.4587965,2.3036127,1.3916334,,1.0932808,,True
Engle_2024,2MASS J16182491+4437110,0.2177709772353158,0.0093218889255869,0.0097387658418912,4.07,gyro_e23,1.3855377279284756e+18,244.60368220919528,44.62005123848769,15.716093125270715,0.0143570164218544,-34.83041715335422,63.87634000425753,13.710095405578612,15.251872062683104,12.402871131896973,2.849000930786133,1.366735577583313,0.0003000000142492,1.3072242736816406,2.848700930771884,True
Engle_2024,G 80-21,0.1573982864466219,0.0135184286210374,0.0147885710519787,3.88,gyro_e23,3.250328209054348e+18,56.848058493838735,-1.973425581033519,59.43199371869756,0.028811961,180.64020406949945,-274.01623129845035,10.5057745,11.839527,9.359375,2.4801521,1.5196763,0.0001,1.1463995,2.4800522,True
Engle_2024,EPIC 206349327,0.1538154640303035,0.0132107116173121,0.0144519420767432,3.72,gyro_e23,2.6225258944341663e+18,335.1009615827465,-7.459706498242896,16.905609304964905,0.01776263,39.41037564211687,-44.767844215278565,12.352879,13.571277,11.2518215,2.3194551,1.1470783,0.0379,1.101057,2.2815552,False
Engle_2024,PM J23045+4014,0.1503141966090022,0.0129099991077507,0.0141229757124909,3.56,gyro_e23,1.9300248195378043e+18,346.14212163072807,40.24401879456472,13.917189844759122,0.1018503978848457,49.31058505235807,18.987892310630244,13.003280639648438,13.445110321044922,11.295975685119627,2.149134635925293,2.628377676010132,,1.7073049545288086,,True
Engle_2024,1RXS J222653.9+354610,0.2037042077705718,0.0087197477947673,0.0091096968276993,3.55,gyro_e23,1.9058333303432507e+18,336.72142063631907,35.768395791142346,14.539046132653338,0.3303520083427429,-8.44039904002332,-37.13311017287953,14.280811309814451,15.174866676330566,12.518041610717772,2.656825065612793,17.87873077392578,,1.7627696990966797,,True
Engle_2024,1RXS J174409.9+473444,0.2290867652767773,0.0098062717417324,0.0102448103637614,4.45,gyro_e23,1.3628843180631045e+18,266.035309001952,47.57776531635384,25.627429268639524,0.010477459,79.16896577193376,-20.55309395224836,13.351641,14.868584,12.1537285,2.7148552,1.1646048,,1.1979122,,False
Engle_2024,GJ 2,1.8749945080674189,0.2606359512409324,0.30271526428574,21.2,gyro_e23,3.866550192349599e+17,1.3009212651019344,45.78589435045512,86.92985294608008,0.0170429646968841,870.7325008268119,-151.3924962859703,9.085049629211426,10.175216674804688,8.046921730041504,2.128294944763184,1.00392484664917,0.0,1.038127899169922,2.128294944763184,False
Engle_2024,1RXS J075235.5+410055,3.1117163371060177,0.2343179223703488,0.2533993566488899,30.33,gyro_e23,9.209040083190298e+17,118.14115514132136,41.01520904819722,27.49727864187956,0.01719277,-83.69158964442728,-104.78434393162578,13.123169,14.6319,11.927205,2.7046947,1.1994518,0.0,1.1959639,2.7046947,False
Engle_2024,GJ 649,1.931968317016924,0.2685556666467545,0.3119136067658423,21.42,gyro_e23,4.572835535272628e+18,254.5363043963596,25.74190129542793,96.23334220914136,0.02437334,-115.31383055701954,-508.0870811384355,8.823617,9.900322,7.787876,2.1124458,1.1639711,,1.0357409,,False
Engle_2024,GJ 4132,5.176068319505676,0.9881326683264922,1.2212800353208042,84.99,gyro_e23,4.192723988912416e+18,300.9931913964132,-8.130958023358552,51.82236595775716,0.023921005,-501.1659166857318,-247.2858158182158,12.150344,13.776537,10.911951,2.8645859,1.2784867,0.0,1.2383928,2.8645859,True
Engle_2024,2MASS J03103891+2540535,5.081594425605605,0.9415976774083008,1.1557539292185863,82.83,gyro_e23,1.1215761203466944e+17,47.66246957789596,25.68057788307273,45.58430142288858,0.03167703,56.87172710021223,-184.34997330917724,12.915395,14.469612,11.707407,2.7622051,1.136398,,1.2079878,,False
Engle_2024,GJ 3253,5.011872336272722,0.9192657389726132,1.1257477153752191,81.55,gyro_e23,4.35741311430391e+16,58.17597943609416,17.014956629753385,103.50079405457332,0.08819867,433.182994699696,-645.3686186694839,12.176142,14.07321,10.8709,3.2023096,3.7299998,,1.3052416,,True
Engle_2024,L 50-78,4.9888448746001215,0.9056510112732008,1.106524097801569,80.97,gyro_e23,4.689958778035794e+18,7.773722280188864,-72.01767831001747,50.8419689192465,0.019159894,416.89500895104345,140.97041777478594,12.300688,13.906816,11.073211,2.8336048,1.2334629,,1.2274771,,True
Engle_2024,2MASS J17311725+8205198,4.90907876152603,0.8726248318499801,1.0612741043123377,79.22,gyro_e23,1.7109481928526976e+18,262.8122775792793,82.09105560054718,77.73520905912606,0.021660017,-291.4898184469619,483.9221085975348,12.652918,14.436446,11.386676,3.0497704,1.2326161,,1.266242,,True
Engle_2024,LP 780-32,4.90907876152603,0.8726248318499801,1.0612741043123377,79.15,gyro_e23,2.926756741750933e+18,99.9050962494302,-21.025532807947208,65.30804349927207,0.3247024416923523,-139.51063221573668,45.23692133548747,12.0220308303833,13.024365425109863,10.21226406097412,2.812101364135742,15.06548309326172,,1.80976676940918,,True
Engle_2024,GJ 12,4.875284901033862,0.8573767925444633,1.040331440720876,78.5,gyro_e23,2.7680485647682565e+18,3.958001989119532,13.55766318540728,82.19379738137908,0.032552015,618.0650123092432,329.44598915255966,11.399355,12.830511,10.227193,2.6033182,1.197815,0.0002,1.172162,2.6031182,False
Engle_2024,L 154-205,4.634469197362881,0.7707994268221885,0.9245733753411552,73.14,gyro_e23,5.815970800722941e+18,251.9835074590181,-65.1536701406655,68.55541416150001,0.02002914,349.6168027673171,-100.8686429962544,12.6199,14.241352,11.389113,2.8522387,1.1761105,,1.2307863,,False
Engle_2024,GJ 433,7.464487584100665,2.2525404730498604,3.226061208125913,72.6,gyro_e23,3.478160727866058e+18,173.8619077285848,-32.543748247776854,110.17107046121284,0.020424576,-71.06011001675881,-850.5921836418225,8.896746,10.037303,7.8296757,2.2076273,1.0137056,,1.06707,,False
Engle_2024,2MASS J13505181+3644168,4.591980128368687,0.7460623079151505,0.8907895208398502,72.18,gyro_e23,1.4954876881155515e+18,207.7132354836552,36.73846792755987,59.181609199460645,0.0272093713283538,-439.4279380523675,83.28022649183447,12.226248741149902,13.825692176818848,10.99950122833252,2.826190948486328,1.778307318687439,,1.2267475128173828,,True
Engle_2024,GJ 849,4.581418867145335,0.7443464122225469,0.8887407617943808,71.95,gyro_e23,2.627117287488522e+18,332.4231515660494,-4.64083481515791,113.4447215072131,0.029997606,1132.5832654528356,-22.15730652565566,9.237196,10.61174,8.070007,2.5417328,1.353798,0.0001,1.1671886,2.541633,True
Engle_2024,GJ 1148,4.560369159512962,0.7584751963073488,0.9097904694267543,71.5,gyro_e23,7.724305279478936e+17,175.43249920718978,42.75157375642011,90.6896037041666,0.025770951,-575.5275719239164,-89.7993694165327,10.582106,12.139377,9.361008,2.778369,1.2510893,,1.221098,,True
Engle_2024,GJ 436,4.560369159512962,0.7321217263447344,0.87213415541137,71.4,gyro_e23,4.017860992519745e+18,175.55067547083934,26.70295395358736,102.30138546700664,0.030192282,895.08752383054,-813.5498399187834,9.582008,10.893038,8.443771,2.4492664,1.1253774,0.0,1.138237,2.4492664,False
Engle_2024,2MASS J19310458-0306186,4.539416166502032,0.7287579325643008,0.8681270629537767,70.92,gyro_e23,4.213581106021661e+18,292.77003917182395,-3.102897138507079,54.50774663072527,0.039654862,198.1394336468924,480.1649425180067,14.652563,16.984133,13.275133,3.7089996,1.2159098,0.0001,1.37743,3.7088997,True
Engle_2024,2MASS J05011802+2237015,4.528975799036208,0.727081835830595,0.8661304261150686,70.67,gyro_e23,3.418324583527645e+18,75.32477273200419,22.61536006911671,69.88824856836183,0.04027576,-62.47853845087493,-351.05080501265377,13.571757,15.727579,12.223421,3.504158,1.393303,,1.3483362,,True
Engle_2024,LP 816-60,4.405548635065533,0.6730470571083269,0.7944113302696261,67.6,gyro_e23,6.882963066420162e+18,313.1361327596479,-16.974558468206272,177.93122142191174,0.03653056,-309.11501874685354,37.05090624523243,10.081701,11.736595,8.835035,2.9015598,1.0382286,,1.246666,,False
Engle_2024,WT 244,4.355118736855686,0.6568369390530231,0.7734951030579627,66.45,gyro_e23,5.217602588456509e+18,146.09050499759576,-73.9777296584399,40.84528996852602,0.24457887,-525.0842816341391,-97.3484414625567,13.647875,15.40708,12.1965885,3.2104912,18.6226,,1.4512863,,True
Engle_2024,GJ 588,3.793149849736819,0.451199449475677,0.5121162551802878,61.3,gyro_e23,6.002807341299977e+18,233.0469274248337,-41.28017408697192,168.9965073189456,0.027027713,-1176.447023619858,-1030.9703349025851,8.2741785,9.566771,7.139158,2.4276128,1.0352235,,1.1350207,,False
Engle_2024,GJ 625,4.709773263969529,1.036950258988682,1.3297130297942692,60.7,gyro_e23,1.428427236986209e+18,246.3558883328168,54.30333866560462,154.35026839246862,0.01610215,432.2302358898869,-171.6519267889513,9.139769,10.345348,8.049889,2.2954597,1.0494165,0.0,1.08988,2.2954597,False
Engle_2024,GJ 1,5.308844442309884,1.3823950883138854,1.869098470403734,56.8,gyro_e23,2.306965202564744e+18,1.3832841523481234,-37.36774402806293,230.09703402875448,0.036182754,5633.438087895326,-2334.7212726520424,7.6824937,8.802319,6.6162696,2.186049,1.4012543,0.0,1.0662241,2.186049,True
Engle_2024,GJ 618A,3.971915494694403,0.5125217164331839,0.5884536648185588,56.52,gyro_e23,6.021430250773348e+18,245.0104220846285,-37.52461044671392,117.47159417533476,0.029081289,-748.0393660219934,988.1035201880838,9.495382,10.836117,8.347611,2.4885054,1.1693292,,1.1477709,,False
Engle_2024,HD 95735b (GJ 411),5.236004365857502,1.2549326603225297,1.6505185975852583,56.15,gyro_e23,7.628154705621105e+17,165.83095967577933,35.948653032660104,392.75294543876464,0.0320666506886482,-580.0570872139048,-4776.588719443488,6.551171779632568,7.691121578216553,5.475512981414795,2.215608596801758,0.9638494253158568,0.0,1.0756587982177734,2.215608596801758,False
Engle_2024,GJ 163,3.953666200681279,0.5101668930478946,0.585749965820753,56.04,gyro_e23,4.78029472209446e+18,62.32307888770163,-53.371095634313306,66.07052003399826,0.017207395,1046.2359049044433,584.1659411441974,10.683944,12.079173,9.517747,2.5614262,1.3710715,,1.1661968,,True
Engle_2024,GJ 476,5.105049999754062,1.2943917658163318,1.7340664730602304,55.0,gyro_e23,3.9033183722638505e+18,188.7509128903155,9.827071562345218,54.9739195459864,0.0269383,-449.1789205626415,-319.14955106133675,10.452762,11.641875,9.360346,2.2815294,1.4384977,0.0,1.0924158,2.2815294,True
Engle_2024,2MASS J16492028+5101177,3.899419866765434,0.4874907505461494,0.5571426172095992,54.71,gyro_e23,1.4124322977403077e+18,252.332493252554,51.02214691163953,30.37074639294612,0.05480931,-268.4392828174257,125.45122860085414,13.318344,14.96567,12.085726,2.8799438,4.960147,,1.2326183,,True
Engle_2024,GJ 357,5.236004365857502,1.009318223201472,1.2503399696248811,86.1,gyro_e23,5.664814198431308e+18,144.00748512333524,-21.665200855258018,105.97890913558383,0.022696694,138.7217909625574,-990.3417190688432,9.891662,11.169435,8.773195,2.3962393,1.1187094,,1.1184664,,False
Engle_2024,G 184-31,5.236004365857502,1.009318223201472,1.2503399696248811,86.25,gyro_e23,4.518262684390915e+18,282.47643022098663,18.67338861245908,83.78647818163225,0.03121328,-109.30371183218082,-278.6849373514857,12.531818,14.376879,11.237381,3.1394978,1.2115946,0.0002,1.2944374,3.1392977,True
Engle_2024,2MASS J18551471-7115026,5.457578610912709,1.1024598740570228,1.3815378619015837,90.69,gyro_e23,6.418732764501079e+18,283.81071616965494,-71.2518010737144,35.44616550697489,0.016904091,-46.439776883725365,-248.9457536008576,13.201255,14.937965,11.941816,2.996149,1.3574365,,1.2594385,,True
Engle_2024,LP 855-60,9.931160484209338,3.2784289221919245,4.894020367250199,154.89,gyro_e23,6.190352001701947e+18,206.0854880941621,-26.31059051284108,49.34246269427804,0.03220359,-326.0992464496361,-184.06259820288943,11.983751,13.484443,10.789236,2.6952066,1.4691354,,1.1945152,,True
Engle_2024,L 210-11,8.394599865193975,2.492589063475531,3.5452811794487555,136.92,gyro_e23,6.469383588698277e+18,306.90363380423844,-54.88222294269785,57.82021368412229,0.026248232,-258.0527991448317,200.5467416899437,11.546468,12.989694,10.3706,2.619094,1.1645073,,1.175868,,False
Engle_2024,2MASS J19204795-4533283,8.165823713585924,2.371536749317114,3.3421801758584326,133.9,gyro_e23,6.663600360560306e+18,290.20411626707914,-45.57110617010142,169.23508466417934,0.05884779,658.775373074398,-2896.149542992778,10.752913,12.519102,9.472213,3.0468893,1.2843816,,1.2807007,,True
Engle_2024,PM J08446-4805,7.834296427662118,2.1979198694025737,3.0550045056722146,129.51,gyro_e23,5.329084752471816e+18,131.15985362560065,-48.08563127036856,68.70090469606878,0.01730712,-321.9705472402742,794.4518007958457,12.43448,14.191856,11.165983,3.0258732,1.0629896,0.0,1.2684965,3.0258732,False
Engle_2024,GJ 1132,7.816278045883297,2.205798285558592,3.073022887451036,129.15,gyro_e23,5.413438219396894e+18,153.70885427338357,-47.15487814715097,79.3205781473538,0.0182294882833957,-1054.2014499773666,414.51226617503903,12.129068374633787,13.738980293273926,10.900860786437988,2.838119506835937,1.2332247495651243,0.0,1.2282075881958008,2.838119506835937,True
Engle_2024,GJ 1214,7.516228940182055,2.071202411757844,2.859055217998071,125.0,gyro_e23,4.393265392168829e+18,258.8314799887317,4.960575338342743,68.29864790496704,0.06518708,580.202152322342,-749.7132787585067,12.996782,14.91244,11.682912,3.2295284,1.0086675,,1.3138704,,False
Engle_2024,GJ 447,7.516228940182055,2.058650329269346,2.835192726611387,124.95,gyro_e23,3.7960725922062505e+18,176.93768799004127,0.7991199702364985,296.3053079139394,0.030185517,607.2990766811824,-1223.0283548879977,9.601,11.361026,8.327767,3.0332584,1.0825819,,1.2732325,,False
Engle_2024,GJ 3963,7.362070974947361,1.979373149784478,2.707245713570684,122.66,gyro_e23,6.044721476534419e+18,248.85263640263352,-27.319139168874266,50.82619648473647,0.03042539,-5.798222104249817,-894.8532260038924,12.750803,14.414499,11.505672,2.9088268,1.2496027,0.0001,1.2451305,2.908727,True
Engle_2024,2MASS J11505787+4822395,7.014552984199712,1.802605873148908,2.4260557786595207,117.5,gyro_e23,7.868343020803703e+17,177.7301638123558,48.373099796519554,124.33777491111096,0.05490648,-1545.068861103579,-962.7239331057074,11.684706,13.529427,10.387384,3.1420422,0.99174666,,1.2973213,,False
Engle_2024,GJ 1088,3.863669770540692,0.4752282091486668,0.5418788645248416,53.74,gyro_e23,5.571142580908768e+18,92.7211184738034,-43.40164255784951,89.37095811438479,0.020640425,131.1570219085497,734.0299500140638,10.995794,12.505356,9.795279,2.7100773,1.2784852,,1.2005157,,True
Engle_2024,EPIC 205913009 (GJ 1265),6.934258060165691,1.7819716143481266,2.3982849478042194,116.4,gyro_e23,6.825822095663585e+18,333.43259243982493,-17.687104968846214,97.67621438764236,0.0374827273190021,856.646093033206,-306.6963278568254,12.067118644714355,13.882915496826172,10.786641120910645,3.096274375915528,1.3949830532073977,0.0,1.280477523803711,3.096274375915528,True
Engle_2024,2MASS J20403364+1529572,6.223002851691596,1.4367019284652116,1.867956140092228,104.6,gyro_e23,1.8106164480108795e+18,310.14718809392286,15.502590198203675,104.91901080176947,0.0299567,1320.6786892213263,662.146668730158,11.837387,13.685147,10.543046,3.1421013,1.1224744,,1.2943411,,False
Engle_2024,GJ 667C,6.137620051647943,1.3952001990454956,1.805662295594873,103.1,gyro_e23,5.975663354131618e+18,259.75125274377365,-34.997795092684065,138.0662741149332,0.028331729,1131.5170733698835,-215.5688956960665,9.386162,10.588366,8.294535,2.2938309,0.95609975,0.0001,1.0916271,2.293731,False
Engle_2024,GJ 1057,6.067363295885055,1.3792294744324014,1.7849930502156637,102.0,gyro_e23,3179036008830848.0,48.353258238212746,4.775200170986658,116.2678144339716,0.042744365,1741.8746105332425,86.49438435103424,12.101368,14.121774,10.778052,3.3437214,1.450144,,1.3233156,,True
Engle_2024,2MASS J23351050-0223214,5.984115950603197,1.3389631983757022,1.7249187400411037,100.4,gyro_e23,2.6404340569281505e+18,353.7970694377148,-2.3927993943669,139.33889353237683,0.04413923,781.4186685195082,-841.5160515945944,12.623748,14.952096,11.245876,3.7062197,1.1472371,0.0003,1.3778715,3.7059197,False
Engle_2024,LP 728-71,5.942921586155727,1.3191113721631238,1.6954362496211806,99.66,gyro_e23,5.686163724944034e+18,148.1735302257391,-15.60441952077654,56.8206835330503,0.021462701,-118.93379905755071,-134.08987448138004,12.172839,13.689925,10.97072,2.719205,1.2401997,,1.2021189,,True
Engle_2024,GJ 3382,5.688529308438414,1.2010754091070923,1.5225454833905818,95.0,gyro_e23,2.918040883015489e+18,90.59401922772396,-20.32646095303724,66.51628734702223,0.019483881,-45.16327931560421,554.7856540451677,12.019874,13.520663,10.817629,2.7030344,1.3173331,0.008,1.2022448,2.6950345,True
Engle_2024,GJ 836,5.649369748123025,1.1825338266133931,1.4955935126321078,94.25,gyro_e23,6.814962601568904e+18,324.75875751254034,-24.161181476127297,51.399140410120886,0.070608966,1003.9874237508708,-710.6577648836632,12.077593,13.643229,10.848627,2.7946014,1.5405141,,1.2289658,,True
Engle_2024,UCAC4 195-119117,5.610479760324705,1.1743933210103794,1.4852979193091826,93.7,gyro_e23,5.985290231327158e+18,235.1951774625917,-51.02810130690448,187.7289806878707,0.04963138,1949.461491458244,-324.78911433214125,12.7359295,15.514997,11.288808,4.2261887,1.0455922,,1.4471216,,False
Engle_2024,2MASS J19194119-5955194,5.559042572704036,1.1433380991709106,1.4393773873186984,92.69,gyro_e23,6.4462742938248e+18,289.91952257165434,-59.92317486728616,58.67908414264609,0.022030184,-244.8118582069492,-244.2732950510556,12.388926,13.99631,11.159552,2.8367586,1.3342798,,1.2293739,,True
Engle_2024,2MASS J05015746-0656459,5.533501092157366,1.1481941144075094,1.448822948614347,92.15,gyro_e23,3.187115498866676e+18,75.4868052125233,-6.948587409027854,186.04662779359128,0.027749853,-551.7464349149869,-533.648216597346,10.649305,12.41324,9.380491,3.0327492,1.1008298,,1.2688141,,False
Engle_2024,L 127-124,5.508076964054034,1.1328559124715127,1.426181096111657,91.62,gyro_e23,4.672462936698379e+18,50.21568535473568,-63.86585958449603,53.80983366523812,0.020548908,-8.061244905941678,-292.37852244809903,12.086746,13.690489,10.856784,2.833705,1.4602299,,1.2299623,,True
Engle_2024,GJ 3843,5.495408738576246,1.1201876869937246,1.406989299826173,91.43,gyro_e23,3.6527965720204247e+18,215.3137711256868,-1.1249536299897054,74.77675675400957,0.033560157,168.85804876309012,-626.4549387036527,11.819618,13.365087,10.60848,2.756606,1.5236543,0.0001,1.2111378,2.7565062,True
Engle_2024,GJ 876,5.284452517751804,1.057766375095774,1.3224819623241553,91.0,gyro_e23,2.603090003484152e+18,343.3241110018443,-14.266689393516607,214.0379888743159,0.035619885,957.7147312894218,-673.6012364809744,8.875059,10.453005,7.6437206,2.8092842,1.3398496,0.0,1.2313385,2.8092842,True
Engle_2024,GJ 628,6.456542290346556,1.5474635288205247,2.0352624600165825,108.7,gyro_e23,4.330690742322012e+18,247.5748141624928,-12.66785108081103,232.1389808397413,0.026823945,-94.20959499441268,-1183.917157588457,8.801877,10.3223,7.590719,2.7315807,1.1489384,,1.2111578,,False
Engle_2024,GJ 382,1.8749945080674189,0.2569144704243529,0.2977066707963258,21.2,gyro_e23,3.8282383925598607e+18,153.07293731001045,-3.746747553020674,129.7543962369321,0.025240922,-152.7602239093057,-243.6929553880118,8.331761,9.491674,7.257185,2.2344894,1.033861,,1.0745764,,False
Engle_2024,BR Psc (GJ 908),4.96592321450336,1.1464805061028946,1.4906190758431943,53.7,gyro_e23,2.7396892393116605e+18,357.3066038231343,2.3969179441959985,169.21632962255026,0.0280580651015043,992.7203890285492,-968.8064663267656,8.15291690826416,9.216570854187012,7.120804786682129,2.095766067504883,1.1554245948791504,0.0,1.0321121215820312,2.095766067504883,False
Engle_2024,GJ 526,4.819477976251274,1.0783720935307397,1.389212366049362,52.3,gyro_e23,3.741297293732404e+18,206.4405658448607,14.885052704598571,183.99619525468464,0.025324116,1776.006179566446,-1455.155718005634,7.6105833,8.684302,6.56938,2.1149225,1.0476037,0.0,1.0412035,2.1149225,False
Engle_2024,GJ 205,3.2284941217126355,0.4932253954059233,0.5821641122250947,33.72,gyro_e23,3.209938366665771e+18,82.86754111476276,-3.6865276019053095,175.31313655111924,0.020392798,761.6309015978574,-2092.208719837279,7.1082892,8.191394,6.069535,2.121859,0.96368384,,1.0387545,,False
Engle_2024,GJ 3998,3.2210687912834346,0.5357243456249274,0.6426009792572569,33.6,gyro_e23,4.5400617049894185e+18,259.0020312412429,11.05612679548223,55.01692136213047,0.0287420451641082,-137.43474528232042,-347.455736828079,9.988780975341797,11.073274612426758,8.953288078308105,2.1199865341186523,1.0683486461639404,0.00089999998454,1.0354928970336914,2.1190865341341123,False
Engle_2024,GJ 674,3.198895109691398,0.261245457729867,0.2844780406687199,33.3,gyro_e23,5.951824121022278e+18,262.1701639221161,-46.89910489864381,219.64625138839503,0.026228724,572.5684618204186,-880.5826187621278,8.336431,9.658231,7.193375,2.4648557,1.054375,0.0003,1.1430554,2.4645557,False
Engle_2024,GJ 887,3.1841975217261247,0.4864580892812045,0.5741765211583165,33.0,gyro_e23,6.553614253923453e+18,346.5039166796005,-35.8471642082214,304.1353692001036,0.01999573,6765.995136250774,1330.2852747179843,6.5220323,7.5897913,5.491506,2.0982852,0.9320045,,1.0305262,,False
Engle_2024,GJ 162,3.140508693876217,0.4736500293547379,0.5577731039264444,32.4,gyro_e23,1.7063994832369395e+17,62.15864195363978,33.63759679656128,71.82205959553683,0.018904958,526.8736624635442,126.02597411315382,9.371755,10.422763,8.35289,2.0698729,1.038892,0.0009,1.0188646,2.0689728,False
Engle_2024,1RXS J174158.2+475403,3.1622776601683795,0.2515605421017741,0.2733018188303671,32.23,gyro_e23,1.3636782685373727e+18,265.490359431853,47.89801965399907,27.557480110008235,0.0262655485421419,27.823719851372395,-94.28031025135957,13.426260948181152,15.044842720031738,12.197491645812988,2.84735107421875,2.534053564071656,,1.228769302368164,,True
Engle_2024,GJ 1030,3.1117163371060177,0.4935333288870325,0.5865654606966442,32.0,gyro_e23,2.78332452648967e+18,16.67246610903661,15.27168597264042,44.98350642582905,0.041070614,-107.9069356105362,-251.4325757228441,10.513505,11.6791315,9.431864,2.2472677,1.1327,,1.0816412,,False
Engle_2024,LHS 5273,3.1117163371060177,0.2343179223703488,0.2533993566488899,30.4,gyro_e23,6.285080838309725e+18,218.5182128483888,-18.40359805279839,36.769869668916606,0.3157682,-455.514941402186,-141.06924287898696,12.737504,14.535394,11.44615,3.089244,14.315254,,1.2913542,,True
Engle_2024,LP 263-64,0.1682674061070467,0.0072028425892197,0.0075249552888225,2.06,gyro_e23,7.629205039870268e+17,165.79057372525148,36.65252358429698,43.80442474089575,0.023531837,-188.4569906899708,30.19930140209308,12.363995,13.901035,11.15202,2.7490149,1.3200715,,1.2119741,,True
Engle_2024,GJ 514,2.9853826189179595,0.4267967320123138,0.4979905314421584,30.0,gyro_e23,3.738099879558958e+18,202.50420163284343,10.372389574126087,131.10134519384707,0.026954211,1127.3405332043346,-1073.8881364845809,8.205292,9.266712,7.178842,2.0878701,1.0927536,,1.0264497,,False
Engle_2024,2MASS J00240376+2626299,3.0974192992165803,0.2332413293099997,0.2522350923616963,29.84,gyro_e23,2.8557431726583675e+18,6.016507609831263,26.44135299222926,26.037556802745428,0.21820694,141.78407104251576,-54.48600175041094,13.291309,14.981688,12.031192,2.9504957,12.394174,,1.2601175,,True
Engle_2024,LHS 2686,3.061963433690677,0.2305714378912982,0.249347781135234,28.8,gyro_e23,1.5544337777918157e+18,197.5484170315877,47.75244772037404,82.03930970465137,0.03067261,-636.0594607686569,-616.3915415952039,12.802547,14.736861,11.493626,3.2432356,1.390445,,1.3089218,,True
Engle_2024,LP 167-71,3.040885025676279,0.2160050507605722,0.2325219231121029,27.82,gyro_e23,8.341626082902053e+17,159.62279685413424,48.5287213267704,32.19909578864852,0.028566714,-196.2698331561536,-87.8698064087632,12.265499,13.721446,11.079796,2.6416502,1.4960598,0.0018,1.1857033,2.6398501,True
Engle_2024,GJ 229,2.8183829312644537,0.3749523785704816,0.4324900425898903,27.3,gyro_e23,2.9408564021234263e+18,92.64357908167638,-21.86782311323394,173.57398583239672,0.017049566,-135.6916079479044,-719.1781339548138,7.3134713,8.365829,6.291551,2.0742784,1.0134844,,1.0219202,,False
Engle_2024,GJ 4306,2.7989813196343625,0.394618519627429,0.4593856903857252,27.0,gyro_e23,2.830099469122381e+18,343.99947178423173,17.810565640962814,59.06333633713327,0.020899575,24.568106068500583,-110.09488460699242,9.655893,10.708697,8.636388,2.0723095,1.2151765,0.0002,1.0195055,2.0721095,True
Engle_2024,GJ 4057,2.7797132677592886,0.3642524333143484,0.4191818419321094,26.7,gyro_e23,4.536614495522394e+18,276.2697797161684,24.632584410011688,43.72650236178374,0.012037734,-40.121336991527656,-448.64788694032734,10.032018,11.003383,9.057953,1.9454298,0.9840008,,0.9740648,,False
Engle_2024,GJ 846,2.7542287033381663,0.4633610505703931,0.5570825114877449,26.3,gyro_e23,2.6830238116280074e+18,330.54080176553964,1.3989923770073878,94.56366650017527,0.047273144,-452.3718449340208,-278.72524677866306,8.403359,9.387209,7.420015,1.9671941,1.1244168,,0.98334455,,False
Engle_2024,GJ 358,2.9648313895243423,0.2042535333039969,0.2193661322017823,25.26,gyro_e23,5.425628298649941e+18,144.94009578928657,-41.065969983608085,104.0957433164141,0.017555553,-527.1472498748954,357.0394241266624,9.631405,11.003457,8.471009,2.5324478,1.0810505,0.0001,1.1603956,2.532348,False
Engle_2024,LP 740-10,2.958012466551546,0.2037837632133796,0.2188616040982247,25.01,gyro_e23,6.327575515318207e+18,216.39080634891656,-11.81431874769195,31.291923011751987,0.086555414,-296.7653510294928,-5.572153471082721,12.2367,13.782821,11.025307,2.757514,3.4575183,0.0001,1.2113934,2.757414,True
Engle_2024,GJ 362,2.958012466551546,0.2037837632133796,0.2188616040982247,24.87,gyro_e23,1.0711951875676684e+18,145.7067959092211,70.0382309918793,84.29833015982618,0.018225905,-670.9617812941915,-265.4560970400273,10.080184,11.482439,8.908713,2.5737257,1.0720689,,1.1714706,,False
Engle_2024,GJ 479,2.844461107447916,0.1776024429264362,0.1894300767463548,23.75,gyro_e23,6.078114541943894e+18,189.4600972712976,-52.00134627910898,105.34666432766488,0.021332793,-1034.7101149952066,29.79226493193891,9.565008,10.905962,8.416586,2.489376,1.0048603,0.0002,1.1484222,2.489176,False
Engle_2024,GJ 4334,2.8119008303989403,0.1694920730769937,0.1803638062092489,23.54,gyro_e23,1.9927156053014336e+18,351.4254115298933,53.13642444014666,39.31430369401426,0.03680714,1013.6268901516538,326.942217417834,13.059598,14.852523,11.782922,3.069601,2.6070457,,1.2766762,,True
Engle_2024,GJ 9404,2.529297996446145,0.2698622262251668,0.3020939993532345,23.2,gyro_e23,4.010201828880794e+18,184.8471072497453,28.38272365796736,41.9016493650544,0.030770574,-647.7019967423727,79.24258762836085,9.882974,10.850016,8.905914,1.9441013,1.022133,,0.97705936,,False
Engle_2024,GJ 450,2.355049283896009,0.4451960253297713,0.548973370568441,22.8,gyro_e23,4.031586157514097e+18,177.77908194992455,35.273139643103185,114.0854152976686,0.019123629,-273.1556092155578,253.40399742858727,8.854014,9.967266,7.8048306,2.1624355,1.0395293,0.0,1.0491838,2.1624355,False
Engle_2024,GJ 685,0.9311078754678304,0.110756331138012,0.1257096337458281,21.83,gyro_e23,1.4390694443913262e+18,263.89611450900287,61.67927672424114,69.89209281722201,0.015290988,261.923302059826,-514.4990903096253,9.174616,10.190586,8.174637,2.0159492,1.1368835,,0.999979,,False
Engle_2024,GJ 3470,1.9678862897068448,0.2967956753961371,0.3495083602616335,21.54,gyro_e23,6.546878478206426e+17,119.77347532185622,15.39120115360942,34.01722474122476,0.025542034,-185.7063619241512,-56.99404074674392,11.360213,12.564076,10.2686205,2.295456,1.1406182,,1.0915928,,False
Engle_2024,UCAC4 692-060564,2.07491351745491,0.1562447767846204,0.1689684063278562,21.52,gyro_e23,2.1198393873529403e+18,281.0474759631158,48.23726911993523,25.08529487137968,0.015633047,-2.704048793683704,138.74559607047237,12.572354,13.918878,11.423389,2.4954882,1.3622885,,1.1489649,,True
Engle_2024,GJ 393,3.258367010020088,0.5104728569176906,0.6053027605206038,34.15,gyro_e23,3.855208897392952e+18,157.22878342623204,0.8377468877660948,142.09514314210975,0.021169754,-602.9919780451988,-731.8819964236676,8.675959,9.877737,7.5821676,2.2955694,0.8839424,0.0,1.093791,2.2955694,False
Engle_2024,GJ 720A,3.2885163087598306,0.51519620410799,0.6109035580056035,34.5,gyro_e23,2.1184243502497088e+18,278.82950726264227,45.74565421210253,64.23584173579249,0.011955971,452.36175503345856,363.4661211513408,9.107278,10.066533,8.137055,1.9294777,0.9694729,,0.9702225,,False
Engle_2024,GJ 47,3.2960971217745776,0.516383854015289,0.6123118361494426,34.7,gyro_e23,4.266419550437235e+17,15.336900310600058,61.36213773499954,94.97013378459856,0.0171613916754722,362.4915172244558,-811.6220044630483,9.846084594726562,11.080970764160156,8.743409156799316,2.33756160736084,1.0168166160583496,,1.102675437927246,,False
Engle_2024,GJ 9689,3.372873086588689,0.5414810907893095,0.6450350219007102,35.7,gyro_e23,1.8034751887141865e+18,303.4677912115789,13.3888946665107,32.587878933269494,0.0140462601557374,421.9208604731243,19.12895837014865,10.540771484375,11.532320022583008,9.553089141845703,1.979230880737305,0.9656450152397156,,0.9876823425292968,,False
Engle_2024,GJ 119A,4.709773263969529,1.0956746375733957,1.4278467876784138,51.2,gyro_e23,4.59661938487952e+17,44.14913665814959,55.43522737414048,49.31915831989169,0.017356995,727.625467112784,-455.22756865477015,9.690008,10.689696,8.692596,1.9970999,1.1305668,,0.9974117,,False
Engle_2024,GJ 889B,3.77572190925416,0.441457781621811,0.4999069522617025,51.2,gyro_e23,2.3843482425168527e+18,346.8143090132557,-23.13274518344306,45.32168011497505,0.021395631,158.06948203709314,-254.06500125982183,12.376301,13.8500395,11.187694,2.662346,1.304228,0.0003,1.1886072,2.662046,True
Engle_2024,GJ 15A,4.111497211045222,0.807801800677074,1.005321144357855,50.69,gyro_e23,3.853342308925165e+17,4.613226257557736,44.02478674398518,280.706821579123,0.020284552,2891.5180773367792,411.8320203661465,7.218567,8.332124,6.16774,2.164384,1.0384927,,1.050827,,False
Engle_2024,GJ 536,4.570881896148751,0.9733885445913276,1.2367622790643704,49.8,gyro_e23,3.657653114880309e+18,210.2596116321864,-2.652206918409508,95.95746561284176,0.0253483802080154,-825.4629269300683,598.4328528027961,8.863359451293945,9.942731857299805,7.829102993011475,2.11362886428833,1.1885154247283936,0.0,1.0342564582824707,2.11362886428833,False
Engle_2024,GJ 521A,4.539416166502032,1.0075844685824618,1.295034876235416,49.5,gyro_e23,1.503625448550796e+18,204.85015439447483,46.18821939062563,74.79854599794672,0.015314359,-42.33205023244051,389.16686130756335,9.407465,10.458403,8.380756,2.0776463,1.1605763,0.0001,1.0267086,2.0775464,False
Engle_2024,GJ 654,4.487453899331322,0.9474804884969744,1.2010754091070923,49.0,gyro_e23,4.364480521350598e+18,256.3033222371967,-5.099267007481263,95.5597040061285,0.021423033,-917.206570880673,-1132.152574250174,9.177887,10.293622,8.120326,2.173296,0.8968947,,1.0575609,,False
Engle_2024,GJ 9440,4.395416154378245,0.9913342573682362,1.280029899707226,48.0,gyro_e23,1.4727182110534164e+18,199.9156022823477,33.34589602599397,59.31483013816135,0.01862663,-298.3927394291388,-142.66408767706776,9.715495,10.840884,8.657705,2.183179,1.1585315,,1.0577898,,False
Engle_2024,GJ 752A,4.265795188015927,0.861713291005918,1.079848405953789,46.6,gyro_e23,4.2933188231820815e+18,289.2276515036191,5.162976302668586,169.06150528157374,0.023926072,-579.0805296593278,-1332.8677163542409,8.099911,9.355669,6.97715,2.378519,0.91293514,,1.1227608,,False
Engle_2024,GJ 412A,4.246195639463129,0.8499429135590444,1.062648802846755,46.4,gyro_e23,7.789478144026028e+17,166.34205974427476,43.53094856108456,203.8875927696954,0.033240344,-4406.469178827325,938.5266266886064,7.912665,8.982041,6.8778634,2.104178,0.9393333,0.0,1.0348015,2.104178,False
Engle_2024,GJ 184,4.120975190973302,0.8096639761473905,1.0076386489403468,45.0,gyro_e23,2.6684663163752486e+17,75.85923651184258,53.12163420733134,72.17340591451902,0.017268956,1302.1185621203924,-1537.6442792268324,9.218808,10.183291,8.241274,1.9420176,1.0607893,,0.9775343,,False
Engle_2024,LHS 373 (GJ 552),4.111497211045222,0.807801800677074,1.005321144357855,44.9,gyro_e23,1.2290895240816284e+18,217.3688734819642,15.538414038335086,70.32487493126503,0.0211431588977575,-1054.7757849507702,1299.3132065676791,9.73293399810791,10.906450271606444,8.651203155517578,2.255247116088867,1.2632815837860107,0.0,1.081730842590332,2.255247116088867,True
Engle_2024,BD-18 359,4.073802778041127,0.7852864692812966,0.972810197594156,44.51,gyro_e23,5.138510181584617e+18,31.2762752397911,-17.615403066083893,107.29720247543436,0.2307442724704742,1275.218139180148,-169.70135038413508,9.170510292053224,10.436235427856444,8.040668487548828,2.395566940307617,15.138264656066896,,1.1298418045043943,,True
Engle_2024,LP 734-34,3.499451670283573,0.3444470469089462,0.38205198962291,42.99,gyro_e23,3.571124882669325e+18,182.619361150232,-13.174869676457003,45.47319206263507,0.032558642,246.435231854586,-343.4992524659717,12.297925,14.00068,11.0406475,2.9600325,1.3509047,,1.2572775,,True
Engle_2024,GJ 877,3.837072454922788,0.4641993683340994,0.5280858674788727,52.8,gyro_e23,6.378584028690858e+18,343.92147125181526,-75.4633768500233,116.31336925688149,0.016823512,-1026.2025065733503,-1059.4066708560106,9.292778,10.615032,8.147194,2.4678383,1.1405014,0.0001,1.1455841,2.4677384,False
Engle_2024,GJ 3138,3.863669770540692,0.708665147166065,0.867842819074113,42.0,gyro_e23,5.144740907820132e+18,32.297813316458644,-16.33923842179373,35.1118623788838,0.01927719,516.4089838507397,79.43961934382355,10.19766,11.112902,9.250057,1.8628445,1.1114378,0.0,0.9476032,1.8628445,False
Engle_2024,GJ 156.1A,3.793149849736819,0.8146334203076293,1.037438170660907,41.2,gyro_e23,2.5215169309270387e+17,59.199808034829125,53.558467534953415,44.3952142466975,0.0187075827270746,309.0167097555843,-394.67796910307095,10.120527267456056,11.163923263549805,9.101840019226074,2.0620832443237305,1.033898115158081,0.0003000000142492,1.0186872482299805,,
Engle_2024,2MASS J20125995+0112584,3.443499307633385,0.3317829705273669,0.367158926304346,41.15,gyro_e23,4.242728884389091e+18,303.2508406645244,1.2158307317171082,50.153029375797786,0.22064403,241.01100854148183,-80.07072743076154,13.919991,15.937681,12.539893,3.397788,7.9131527,,1.3800974,,True
Engle_2024,GJ 3293,3.4355794789987466,0.3310198908703907,0.3663144842068662,41.0,gyro_e23,4.893118771316703e+18,67.14843003527807,-25.17140700023829,49.48679253197839,0.022665683,-81.37472320881992,-485.4540790961264,10.987985,12.286475,9.856483,2.4299917,1.4182718,,1.1315012,,True
Engle_2024,2MASS J06170531+8353354,3.427677865464504,0.3231182773361478,0.3567479817064298,40.75,gyro_e23,1.1498971604358272e+18,94.27003653062827,83.89237332010515,47.29240520948253,0.2070671468973159,-45.547186508260026,-183.205094076727,12.113542556762695,13.399510383605955,10.656883239746094,2.742627143859864,17.04947853088379,,1.4566593170166016,,True
Engle_2024,GJ 2066,3.749730022454835,0.6736332077141269,0.821151873693915,40.7,gyro_e23,3.089711447388932e+18,124.03158305457568,1.3028427269823109,111.86977668317492,0.022784311,-376.19584306424736,60.538113008472,9.133169,10.33759,8.039904,2.2976866,1.080424,,1.0932655,,False
Engle_2024,GJ 176,3.639150361272072,0.6330740586438406,0.7663982737934614,40.14,gyro_e23,3.409711211681796e+18,70.73548173808452,18.95320292639181,105.42748417135272,0.021029381,656.6469583029074,-1116.5935413672632,9.004439,10.210481,7.909447,2.3010335,0.88777876,,1.0949922,,False
Engle_2024,EPIC 201675315,3.548133892335755,0.6037122585369934,0.7274949691801074,38.13,gyro_e23,3.800590554204452e+18,174.59684043341758,3.230727273724897,29.179684146161907,0.019666689,-649.4866133638317,-218.4647498199596,10.8692465,11.739069,9.946952,1.7921171,1.2290789,,0.9222946,,True
Engle_2024,GJ 832,3.548133892335755,0.596924665669369,0.717661295680172,38.1,gyro_e23,6.562924609150908e+18,323.3912518776402,-49.01263039681064,201.3251983325545,0.0236875750124454,-45.91675295376507,-816.8749628777432,7.7399468421936035,8.902462005615234,6.662552356719971,2.239909648895264,1.0965126752853394,0.0,1.0773944854736328,2.239909648895264,False
Engle_2024,GJ 880,3.499451670283573,0.5820246562824063,0.6981381696265023,37.5,gyro_e23,2.828928008202069e+18,344.1402217312129,16.55216937227734,145.62341010499722,0.025450103,-1034.7334113799404,-284.13086712481174,7.795021,8.898596,6.7477736,2.1508222,1.0549177,0.0002,1.0472474,2.1506221,False
Engle_2024,GJ 3997,3.4673685045253166,0.9785111862429255,1.363219515872411,37.0,gyro_e23,4.548562265603841e+18,258.95811059683075,19.00008369604772,73.06209239932777,0.0295456703752279,-150.53898267032295,14.16546592608952,9.650931358337402,10.61354923248291,8.587146759033203,2.026402473449707,2.179158926010132,0.0015000000130385,1.0637845993041992,2.0249024734366685,True
Engle_2024,GJ 548A,3.4355794789987466,0.5647988969740556,0.6759177320464755,36.6,gyro_e23,1.2546956037043236e+18,216.4349897911252,23.612118882420447,61.2363739599362,0.019834802,792.5515191401824,-1116.404589621603,9.006028,9.957909,8.040508,1.9174004,1.0081825,,0.9655199,,False
Engle_2024,GJ 740,3.4197944251370886,0.5556164552305076,0.663399438189832,36.4,gyro_e23,4.282578724832056e+18,284.49969040220066,5.902697482860106,90.02115298994214,0.021416826,-196.32762243153545,-1220.6109783810218,8.460503,9.450294,7.471963,1.9783306,1.0645992,0.0008,0.9885397,1.9775306,False
Engle_2024,HD 38529c,3.3884415613920256,0.5439804539441098,0.6480123682840242,35.9,gyro_e23,3.21984706667297e+18,86.64512552932929,1.167566977088821,23.571371902224232,0.0421504043042659,-77.80648862844173,-141.362876484858,5.748384475708008,6.122285842895508,5.208997249603272,0.9132885932922364,1.0477585792541504,,0.5393872261047363,,False
Engle_2024,GJ 676A,3.793149849736819,0.7382287365213056,0.9166234142327094,41.2,gyro_e23,5.925209583053213e+18,262.54483233204513,-51.63780340759411,62.578583156160505,0.030342607,-258.7585653401583,-185.1191085869023,8.8669,9.809422,7.906497,1.9029245,1.640918,,0.96040344,,True
Engle_2024,GJ103,0.1129795914672797,0.0094653747993454,0.0103308918556111,1.56,gyro_e23,4.946938113149427e+18,38.59437994852723,-43.79765690653328,86.61238273731313,0.03549785,57.515912311779886,-293.4737401742233,8.196382,9.175138,7.1962285,1.97891,2.2607906,0.0002,1.0001531,1.9787099,True
