catalog,gaiadr3_id,star_name,ra,dec,parallax,source_paper,likely_mdwarf,BPRP0
training_stars,4472832130942576128,Barnard's Star (GJ 699),269.4485025254384,4.739420051112412,546.975939730948,Engle2023,,
training_stars,4810594479418042368,Kapteyn's Star (GJ 191),77.9599373502188,-45.0438126993602,254.19859326384577,Engle2023,,
training_stars,5239559011062184960,Gaia DR2 5239559011062184960,163.5283622692771,-65.03859760172496,6.4718464561920515,MOCADB,,
training_stars,243171706750419200,Gaia DR2 243171706750419200,51.6227168,47.758138,5.596194514783273,MOCADB,,
training_stars,5537621735560202752,Gaia DR2 5537621735560202752,117.8847655,-39.794498,5.167911802575865,MOCADB,,
training_stars,2944893220412325888,Gaia DR3 2944893220412325888,95.2210827,-16.1735903,2.53726696909194,MOCADB,,
training_stars,5289879638142176768,Gaia eDR3 5289879638142176768,119.9599366,-61.54979,2.6180966082126553,MOCADB,,
training_stars,5825702715598259840,Gaia DR3 5825702715598259840,234.51981285450057,-65.28219978561408,1.7856534414047542,MOCADB,,
training_stars,5290823671959351296,Gaia DR2 5290823671959351296,120.01014424893624,-60.58704713339661,2.4909578565853088,MOCADB,,
training_stars,4065971979238016896,Gaia DR3 4065971979238016896,271.14667564961206,-24.393093637545668,0.7782426185975769,MOCADB,,
training_stars,4054317907598107520,Gaia eDR3 4054317907598107520,265.2452737,-32.08555305,2.0319744422689,MOCADB,,
training_stars,5290748389769933696,Gaia DR3 5290748389769933696,120.2979223,-60.9659656,2.79359026331502,MOCADB,,
training_stars,4054143325756644096,Gaia DR2 4054143325756644096,265.16136056,-32.73590637,2.313396997910616,MOCADB,,
training_stars,4066070419899319552,Gaia DR3 4066070419899319552,271.14713037265057,-24.288552532010986,0.9172458620533336,MOCADB,,
training_stars,604896631259520512,Gaia DR3 604896631259520512,132.877808,11.5993556,0.97861228090277,MOCADB,,
training_stars,604996618098066432,Gaia DR3 604996618098066432,132.8777585,12.1113683,1.2986498350397653,MOCADB,,
training_stars,4066068770631144320,Gaia DR3 4066068770631144320,271.1349951275442,-24.370416368311112,0.7305890462748565,MOCADB,,
training_stars,3451181010326790144,Gaia DR3 3451181010326790144,88.09840469038353,32.54320648840918,0.9516530684561094,MOCADB,,
training_stars,3051549146839517440,Gaia DR3 3051549146839517440,105.7997048,-8.4240519,1.0973972921991697,MOCADB,,
training_stars,604913403107275008,Gaia DR3 604913403107275008,132.6378676,11.7329401,1.075576492366983,MOCADB,,
training_stars,604908107412145408,Gaia DR3 604908107412145408,132.7750899,11.6522185,1.2116511191549415,MOCADB,,
training_stars,3451193899527038464,Gaia DR3 3451193899527038464,88.0171580674575,32.59476021648126,0.9064973052136676,MOCADB,,
training_stars,604974529083276800,Gaia DR3 604974529083276800,132.5953429,12.0155833,1.52211686599618,MOCADB,,
training_stars,604920584291606144,Gaia DR3 604920584291606144,132.792054,11.8094856,0.4615946126884351,MOCADB,,
training_stars,604939271694093440,Gaia DR3 604939271694093440,133.266456,12.0050415,1.408443519271522,MOCADB,,
training_stars,604906973546358528,Gaia DR3 604906973546358528,133.0710701,11.8304094,0.7467233793999208,MOCADB,,
training_stars,598908278617636608,Gaia DR3 598908278617636608,132.549081,11.7092644,0.6197134025778058,MOCADB,,
training_stars,5289758313909518848,Gaia DR2 5289758313909518848,122.2491074,-61.2781752,2.080341458950819,MOCADB,,
training_stars,604964010707107840,Gaia DR3 604964010707107840,132.6119199,11.8963473,0.4338594661560045,MOCADB,,
training_stars,508015535002881408,Gaia DR3 508015535002881408,29.27755164274747,60.46130814197454,2.5235068343291447,MOCADB,,
training_stars,604974284268110720,Gaia DR3 604974284268110720,132.6818194,12.0361752,1.2956489626392054,MOCADB,,
training_stars,598956450970778624,Gaia DR3 598956450970778624,132.475047,11.7639774,0.4190424804338723,MOCADB,,
training_stars,3451179983829917824,Gaia DR3 3451179983829917824,87.9885184079851,32.507884649917266,0.9108717855744416,MOCADB,,
training_stars,3451198705592803584,Gaia DR3 3451198705592803584,87.9258221,32.7258593,0.7766955593167519,MOCADB,,
training_stars,3451181250845334016,Gaia DR3 3451181250845334016,88.01935224032177,32.510574850454205,0.5014867402436042,MOCADB,,
training_stars,3451173318040777216,Gaia DR3 3451173318040777216,87.87011356863601,32.401930815685674,0.5788023447452245,MOCADB,,
training_stars,3451175547127212672,Gaia DR3 3451175547127212672,88.07313155166642,32.40622297001744,0.4779766235373567,MOCADB,,
training_stars,604982736763369856,Gaia DR3 604982736763369856,132.3122552,12.014177,1.1032627287874317,MOCADB,,
training_stars,604968408756601088,Gaia DR3 604968408756601088,132.5298699449701,11.961630161626571,0.8185752026884082,MOCADB,,
training_stars,604909383016937088,Gaia DR3 604909383016937088,132.7203065,11.6904085,1.0376210090099838,MOCADB,,
training_stars,2934573964491243264,Gaia DR3 2934573964491243264,107.10207790552406,-17.553812541981866,1.4718311737734475,MOCADB,,
training_stars,604922057465857792,Gaia DR3 604922057465857792,132.7686913528674,11.883741959791012,1.1517663203861226,MOCADB,,
training_stars,5290752993974830208,Gaia DR3 5290752993974830208,120.1001089,-60.8607606,2.408464148849512,MOCADB,,
training_stars,3426268383241688064,Gaia DR3 3426268383241688064,92.23088741962805,24.325618238262983,1.2390803802775987,MOCADB,,
training_stars,604968172529056384,Gaia DR3 604968172529056384,132.4771795,11.963699,1.67507339921775,MOCADB,,
training_stars,604910924910708224,Gaia DR3 604910924910708224,132.7473034,11.7170728,1.4319211479824427,MOCADB,,
training_stars,604909967133412096,Gaia DR3 604909967133412096,132.8145061,11.7009531,1.5270743656948256,MOCADB,,
training_stars,598906835508558336,Gaia DR3 598906835508558336,132.5822072,11.6306628,0.7664970601451003,MOCADB,,
training_stars,489845525529834368,Gaia DR2 489845525529834368,57.9727873097029,65.6710208041302,4.502899759076255,MOCADB,,
training_stars,4041056594768899200,Gaia eDR3 4041056594768899200,266.64069178358295,-35.57173082403268,3.3127062746671587,MOCADB,,
training_stars,604891069277322624,Gaia DR3 604891069277322624,132.8694119,11.4964896,0.6783983603984042,MOCADB,,
training_stars,4041544537427681536,Gaia eDR3 4041544537427681536,267.03163030574086,-34.58244027820665,3.891240744466979,MOCADB,,
training_stars,604968206888780032,Gaia DR3 604968206888780032,132.492224,11.9614029,0.728801759581058,MOCADB,,
training_stars,598887770148211584,Gaia DR3 598887770148211584,132.56912501420234,11.403457857265709,0.5975160133860037,MOCADB,,
training_stars,604910723047665024,Gaia DR3 604910723047665024,132.7602977,11.7122509,1.993139729326084,MOCADB,,
training_stars,604911680824696064,Gaia DR3 604911680824696064,132.80284614752156,11.791561048959148,1.515234141353159,MOCADB,,
training_stars,3051561104034700672,Gaia DR3 3051561104034700672,105.80900337485431,-8.380036311433765,0.9881384122096052,MOCADB,,
training_stars,3050044435120269056,Gaia DR3 3050044435120269056,105.58257261886564,-8.623388280975718,1.0018717498182832,MOCADB,,
training_stars,598885502406044544,Gaia DR3 598885502406044544,132.7657597,11.4123014,0.8092833853947229,MOCADB,,
training_stars,604945288944333440,Gaia DR3 604945288944333440,133.20798,12.0086407,1.1061980228986268,MOCADB,,
training_stars,2925821061658327424,Gaia DR3 2925821061658327424,103.47709253361278,-22.197424036805092,0.7130783588450056,MOCADB,,
training_stars,5290767699941318144,Gaia DR2 5290767699941318144,119.71197087147428,-60.809986885578574,2.0949612036376157,MOCADB,,
training_stars,5290642871012690432,Gaia eDR3 5290642871012690432,119.56002089530648,-61.32897072606356,2.307835265570903,MOCADB,,
training_stars,5290740585813822976,Gaia DR3 5290740585813822976,119.0842859,-60.6419871,2.7320486293410537,MOCADB,,
training_stars,604971402345380480,Gaia DR3 604971402345380480,132.7942471,11.9815779,1.2642172672737708,MOCADB,,
training_stars,4066065265911252480,Gaia DR3 4066065265911252480,271.24153831985063,-24.382408296423744,0.912480200318634,MOCADB,,
training_stars,2023064050394052224,Gaia DR3 2023064050394052224,290.0437904321559,24.80670608841888,2.057536195485674,MOCADB,,
training_stars,6077259602940479104,Gaia DR3 6077259602940479104,185.7467637833782,-52.96752647169939,2.8546506716265942,MOCADB,,
training_stars,5867753125491117056,Gaia DR3 5867753125491117056,211.83922838833348,-59.32631206613504,1.1309885733143832,MOCADB,,
training_stars,6073176600877691776,Gaia DR2 6073176600877691776,188.2596404,-56.8548717,6.627671181284164,MOCADB,,
cf_rotator_catalog,3050042476607259136,,105.51974891895972,-8.657098669367135,0.8239708222371684,,False,1.4740071540387158
cf_rotator_catalog,3050056254862195200,,105.55717619073924,-8.603243741668566,0.253496332208616,,False,0.99230937240051
cf_rotator_catalog,3051493930740304512,,105.89589183033388,-8.663931402418692,0.2273341628940966,,True,2.3903287497186
cf_rotator_catalog,3051542210471288960,,105.77020771478156,-8.580002139724096,1.0225199814428247,,True,2.008478348290734
cf_rotator_catalog,3051542485349029888,,105.8360957617243,-8.56320774331172,1.800001748615454,,True,2.026855803618506
cf_rotator_catalog,3051545573427116032,,105.79319581003824,-8.559620296718965,1.449665631157292,,True,2.024940555374676
cf_rotator_catalog,3051558359545619712,,105.6838436428494,-8.499586016959029,1.2863447684818323,,True,2.2167994377199447
cf_rotator_catalog,3051558423969304704,,105.65960542734108,-8.487853096857775,2.132037138273019,,True,1.5758323614121612
cf_rotator_catalog,3051562753296383232,,105.58926757399664,-8.419362822628658,0.627490265871228,,True,2.1038425741866273
cf_rotator_catalog,3051566159210207744,,105.58565051154048,-8.319874984487617,2.3009637565592937,,True,1.9802517808336224
cf_rotator_catalog,3051566983845691008,,105.81044417348063,-8.376324515463931,0.9578983962861788,,True,2.142215033952681
cf_rotator_catalog,3051568461308045568,,105.76225843930054,-8.298044603535901,0.3653499371834459,,True,2.4575528527406263
cf_rotator_catalog,3050040415029565184,,105.73221076824836,-8.650053523025203,0.3590086304975866,,True,2.3993763086973328
cf_rotator_catalog,3050043679204164096,,105.6763560791804,-8.629347283398715,0.7704526345411322,,True,2.4414792695530396
cf_rotator_catalog,3050056598459564800,,105.5274912301093,-8.571626854479188,0.8179029841285449,,True,2.803947497286474
cf_rotator_catalog,3051495511288278912,,105.94328312563732,-8.641588018367841,0.6681502259968941,,True,2.3718048260812137
cf_rotator_catalog,3051542828948008704,,105.91591447109302,-8.5945474800317,0.6933235412154923,,True,1.8548695292170612
cf_rotator_catalog,3050056216207527808,,105.47155589803889,-8.538883944514126,0.4656771974869885,,True,2.489584652024846
cf_rotator_catalog,3050058625684299136,,105.41066495634192,-8.576578452613761,2.3816051449889115,,True,2.0415836575569575
cf_rotator_catalog,3051493866319370752,,105.91046871952952,-8.673841546619562,4.546327141265933,,False,1.0929337367611955
cf_rotator_catalog,3051560592928261376,,105.73503153535734,-8.424221807506564,0.5469708208873453,,True,2.3073982669076516
cf_rotator_catalog,3050056044408819968,,105.4381143906369,-8.569740205618068,0.9026884093294708,,True,1.942109317280047
cf_rotator_catalog,3050057491812719488,,105.54163747662332,-8.549108834268843,0.0017355514325255,,True,2.813388051333546
cf_rotator_catalog,3051548704458769920,,105.77739778705272,-8.450067134180019,0.3874479479825221,,True,1.969783047422388
cf_rotator_catalog,3051549357299917056,,105.81272343407302,-8.394027203406536,1.1047175349517602,,True,1.883317289088562
cf_rotator_catalog,3051561211403455616,,105.7489052523947,-8.394066844317374,1.918873518468065,,True,2.3224000051978058
cf_rotator_catalog,3051563406131426944,,105.57857047765302,-8.3972137503118,1.9729216513567496,,True,2.2142037596285777
cf_rotator_catalog,3051564235060740736,,105.5565368649041,-8.368242225520017,-0.1282039461247082,,True,1.9844393515508496
cf_rotator_catalog,3051571583749246080,,105.74467189831807,-8.27432581421046,1.7949401938545066,,True,2.555967316488051
cf_rotator_catalog,3051543614922030976,,105.93114348421112,-8.553611355693121,0.9605044254342058,,True,2.5325665585904336
cf_rotator_catalog,3051575127101789824,,105.78831656274674,-8.131918176371318,6.440880607477203,,False,1.4317968388820574
cf_rotator_catalog,3052323619644948608,,105.67624603131414,-8.196249552254661,4.894150039460701,,False,1.2979027298002124
cf_rotator_catalog,3052325303272116480,,105.66573763658322,-8.121666026730528,-0.7465623106795275,,True,1.865321078442463
cf_rotator_catalog,3052326815098392448,,105.6820905058614,-8.107864694244537,-0.3200929584002099,,True,2.469593636881797
cf_rotator_catalog,3052326952537307904,,105.69399894478796,-8.087036479707061,2.466668235582802,,True,1.8011478978937787
cf_rotator_catalog,3051541282758227584,,105.88520802474622,-8.617405052322383,1.3518642294073868,,True,2.044142780225095
cf_rotator_catalog,3051542068733783296,,105.74984423537808,-8.604350810713035,0.4805284083442253,,True,1.8163580476661607
cf_rotator_catalog,3051545852603438848,,105.7704935940928,-8.532778200004214,3.190966859091682,,True,1.7629935094304434
cf_rotator_catalog,3051546952118322688,,105.71846068904944,-8.491778993707433,1.1336516724692636,,True,2.161678920200881
cf_rotator_catalog,3051554094642308224,,105.89644327113136,-8.427688950423727,0.4981282100993893,,True,2.199962571015926
cf_rotator_catalog,3051555026652982016,,105.88728661403393,-8.394050081819701,0.5049440782731562,,True,2.7701407986594946
cf_rotator_catalog,3051561451921520128,,105.77691129781743,-8.366124457285757,0.6037667651856709,,True,1.8732565764174027
cf_rotator_catalog,3051562379634556416,,105.69489049061498,-8.35078299979426,0.6213402038148648,,True,1.7204412038379937
cf_rotator_catalog,3051567808472961664,,105.83771042002232,-8.322349671694946,-0.513266569314688,,True,1.9331427947911537
cf_rotator_catalog,3051572447037530624,,105.77020552289298,-8.204900206400522,-2.625290670405129,,True,2.3600821312084768
cf_rotator_catalog,3051572511462191744,,105.70304275790323,-8.255164333732527,1.4491114767324225,,True,2.1543858790032244
cf_rotator_catalog,3051572653196084992,,105.72274468329816,-8.241649989155515,-2.154056328539101,,True,1.6958226011160409
cf_rotator_catalog,3052321691198398080,,105.48036482210355,-8.180686435750118,1.3850611707495777,,True,2.123778216653175
cf_rotator_catalog,3051563925823226496,,105.52951993219004,-8.37481435318086,0.3740210587683241,,True,2.1761669447422065
cf_rotator_catalog,3051566159205896576,,105.58274230729695,-8.314537378218592,-0.7622429508996704,,True,1.9613953309285224
cf_rotator_catalog,3051568869329917184,,105.84325355187325,-8.269634673810279,1.523197021462654,,True,1.9528078640618691
cf_rotator_catalog,3051570900849193088,,105.89750341540326,-8.21973454813936,0.623594903912923,,True,1.9502841902875725
cf_rotator_catalog,3051571927346638080,,105.77476110798683,-8.25880053983282,-0.1128371458530512,,True,2.2020563353905405
cf_rotator_catalog,3052326162268545408,,105.7321766406694,-8.090981059102528,2.1835689844626387,,True,2.323164026210505
cf_rotator_catalog,3050042820208943488,,105.54621945910384,-8.641740084868717,0.8786402448500774,,False,1.25885939367478
cf_rotator_catalog,3050044744349709824,,105.65973923411256,-8.592877522555742,1.7116533484648535,,True,1.953375265758612
cf_rotator_catalog,3051560008818883072,,105.67394682281872,-8.41775386126842,-1.8112768545881497,,True,1.7603658881589834
cf_rotator_catalog,3051561589360678272,,105.69367703859066,-8.393019696268109,2.404790644401142,,True,1.8872307158485024
cf_rotator_catalog,3051563891463518464,,105.5156299582586,-8.383203379679372,-0.0266599546417579,,True,2.185978285028273
cf_rotator_catalog,3051564956614963712,,105.68184079718829,-8.353532737094323,0.6213009400744149,,True,2.000010665146318
cf_rotator_catalog,3051572309598621696,,105.7610044250328,-8.225067196401696,1.6760939051861046,,True,1.9381647214633593
cf_rotator_catalog,3051573202959465856,,105.7725893961417,-8.197371497038176,-0.0311813818235103,,True,1.6831958011102752
cf_rotator_catalog,3051573885851865600,,105.80592291021864,-8.193452744313289,0.8771440875023186,,True,2.1987091912901735
cf_rotator_catalog,3051594677788023424,,105.96611890840956,-8.162731666975576,0.8114264352644934,,True,2.0154205571395485
cf_rotator_catalog,3052316678975914368,,105.4419725448378,-8.265390953727186,-0.9098719180154632,,True,2.1874569820230945
cf_rotator_catalog,3052318843639313792,,105.5274546202472,-8.19196367337504,0.7922940573041743,,True,2.0450447717139313
cf_rotator_catalog,3051565678169424512,,105.6529191991208,-8.308273133866564,0.7240709578466867,,True,2.284420612126544
cf_rotator_catalog,3051571824267426560,,105.7443369743592,-8.250921686022572,0.872266841071413,,True,2.315596278699173
cf_rotator_catalog,3051572378318044160,,105.793918061364,-8.216694992440335,-0.2474407162504511,,True,2.0829713744599583
cf_rotator_catalog,3050056186148973696,,105.45651019940571,-8.56156592208783,1.7304534941300391,,True,2.7321767044112284
cf_rotator_catalog,3050061718060376320,,105.50687656276484,-8.430348359242727,1.176732856634282,,True,1.817735903127468
cf_rotator_catalog,3051546982176421504,,105.69378884579828,-8.501210975623398,1.1496350061617968,,True,2.306498322727805
cf_rotator_catalog,3051558806224828416,,105.67975896817318,-8.4737307211789,1.0021939276651668,,True,2.07221167331714
cf_rotator_catalog,3051560386769887104,,105.73698359511044,-8.452130627859704,0.2688323736251131,,True,1.9660805594186217
cf_rotator_catalog,3051561280122908800,,105.74338392036373,-8.376455562644846,-0.5169362940126387,,True,2.7446665252224713
cf_rotator_catalog,3051561726799566976,,105.70862068023985,-8.378482616951619,-0.2648886006155684,,True,2.1244200975524565
cf_rotator_catalog,3051562001677442688,,105.69646532500464,-8.354922103774024,0.5327496876251087,,True,2.3320478933510596
cf_rotator_catalog,3051565094054013184,,105.62342183590872,-8.34851331968832,0.3146496071623365,,True,2.432200912976494
cf_rotator_catalog,3051565300212316544,,105.65112324796044,-8.315929589017777,2.531794015350855,,True,2.6686587736905647
cf_rotator_catalog,3051568392588582656,,105.76606387070348,-8.309255729301434,2.6627449471319196,,True,2.6622676477616665
cf_rotator_catalog,3051569011063766912,,105.80002433509738,-8.267963695842178,0.324239182804081,,True,2.192944036877054
cf_rotator_catalog,3051572206519443456,,105.76372776672252,-8.244617014728938,0.8861924859634865,,True,2.0492105023483163
cf_rotator_catalog,3051572515757188736,,105.69620510130588,-8.25586853090992,1.3202339402891554,,True,1.759169064254459
cf_rotator_catalog,3052323310411279232,,105.47258454410222,-8.10744679154134,2.121426633346328,,True,1.9824565826155436
cf_rotator_catalog,3052326265342502912,,105.76118267652664,-8.107381884290554,6.2964957004791735,,True,1.569472093248901
cf_rotator_catalog,3052327944670794624,,105.56232840978689,-8.129691003718786,0.2068171761385097,,True,2.582192128274028
cf_rotator_catalog,3052328116471657600,,105.53008161946433,-8.1355479022669,0.9697792997661971,,True,2.2451607370269016
cf_rotator_catalog,3051546986478072576,,105.69302505806525,-8.495699405147354,1.0876732634228996,,False,1.3414393408812986
cf_rotator_catalog,3051549456077571968,,105.98039416488768,-8.519909559165074,1.2693377207520384,,True,2.150643653393553
cf_rotator_catalog,3051551006563576448,,105.94716064080517,-8.433890127022131,2.013584980265834,,True,1.7856171777306815
cf_rotator_catalog,3051555267168540032,,105.84042121847963,-8.376750432544378,0.3603610086835968,,True,2.1328075713702397
cf_rotator_catalog,3051561005245014528,,105.76322773298432,-8.398199030774977,0.0073423854113574,,True,3.581521476282098
cf_rotator_catalog,3051561486281500800,,105.69279098139594,-8.411219385375329,1.2407915068770066,,True,2.2264375452397216
cf_rotator_catalog,3051563376071398016,,105.62797236247305,-8.375801225058584,1.3180475122341415,,True,2.067718895700108
cf_rotator_catalog,3051569560819456512,,105.88585745661332,-8.2589641240309,1.690687996656563,,True,1.7420568686149875
cf_rotator_catalog,3051593853156610048,,105.988008816691,-8.181938695448565,-0.0092273980934191,,True,2.33019793669275
cf_rotator_catalog,3052318323944016000,,105.49206889047448,-8.22573030789893,1.4663510839200835,,True,2.1099470615166025
cf_rotator_catalog,3052319221598540928,,105.4107036677063,-8.272011408473938,2.4918302530522554,,True,2.387958872258618
cf_rotator_catalog,3052323168669334528,,105.44685581966128,-8.131628207938716,0.1455729734432537,,True,2.3505146968915605
cf_rotator_catalog,3426268035345356544,,92.25449724270328,24.286593770927723,1.146830881748401,,False,0.2672922213655379
cf_rotator_catalog,3050040518106686976,,105.73815636819783,-8.653892513324779,0.8730982760142334,,True,1.5699397025112267
cf_rotator_catalog,3050813715299193856,,105.43345199846596,-8.372011448355368,1.2159846551273714,,True,1.9682958729762192
cf_rotator_catalog,3051546333637204864,,105.71221120035776,-8.530353872035597,-0.9048857994231204,,True,2.1079244456457005
cf_rotator_catalog,3051546677234452864,,105.74469582697512,-8.525551090236123,1.443702385336347,,True,2.3393088739847876
cf_rotator_catalog,3051555469031886976,,105.92165972557368,-8.367044848063806,0.5505373411699699,,True,2.4264493647912575
cf_rotator_catalog,3051557363114887168,,105.93554549268032,-8.31751436580622,1.530852571419596,,True,1.5163111339889206
cf_rotator_catalog,3051558703143000576,,105.64443823594114,-8.466651070204016,1.5737738187654045,,True,1.9875235907288753
cf_rotator_catalog,3051559527776724096,,105.61904055255776,-8.449444668419552,0.7050985302759308,,True,2.4471132340030097
cf_rotator_catalog,3051561864238601088,,105.65911767603988,-8.373759715509046,0.517604587297351,,True,2.2611640731810145
cf_rotator_catalog,3051565059694276992,,105.62964019267972,-8.354192768372878,1.1786979931709032,,True,2.456191821687932
cf_rotator_catalog,3051566056126567680,,105.63704301694968,-8.307796696826138,0.7594886581112398,,True,2.083114464151026
cf_rotator_catalog,3051566464148221056,,105.6591569880575,-8.28987277258392,-0.3787402764556327,,True,2.6690775495130543
cf_rotator_catalog,3051568530027475840,,105.79405294033089,-8.293245457877157,1.1472988385848188,,True,2.211894446537858
cf_rotator_catalog,3051568564387257216,,105.75802255343798,-8.29223876918419,0.5545163063968573,,True,1.9783057671791764
cf_rotator_catalog,3051570454172604928,,105.897881529855,-8.227140786908624,-0.3114863865168111,,True,2.2841877087994495
cf_rotator_catalog,3052315540805041664,,105.47315237005358,-8.3062166486054,0.6430701895069697,,True,1.8242522580869407
cf_rotator_catalog,3052317812847136896,,105.60139345310762,-8.22070507198447,0.5976968266819036,,True,2.030758460278556
cf_rotator_catalog,3052323001167638656,,105.47459741844766,-8.1321744129733,0.5166160520241182,,True,1.7303859448541885
cf_rotator_catalog,3052324444276485888,,105.69139277814308,-8.142351993542265,1.080542986351685,,True,2.41443042193138
cf_rotator_catalog,3052325402050618624,,105.63862680141536,-8.119233067310143,0.8191065394208905,,True,1.8696089884531757
cf_rotator_catalog,3050044744349706240,,105.66163242769328,-8.592199874896837,3.286364099919558,,True,1.9330366162341313
cf_rotator_catalog,3050045053587396864,,105.6043343221024,-8.574969390352688,2.486872185857394,,True,1.8987393318024937
cf_rotator_catalog,3050056529740097536,,105.53215939123412,-8.58038342617446,0.4299147023905492,,True,1.8571370923102568
cf_rotator_catalog,3050059033706069632,,105.43234560031502,-8.549588923397051,4.201931879199965,,True,2.0992313458348923
cf_rotator_catalog,3051542313550460032,,105.8132322428632,-8.596223886071162,2.2401891434548533,,True,2.390901814180963
cf_rotator_catalog,3051544989311542400,,105.72886156493132,-8.608039778275009,1.4110741365774937,,True,2.0759019999507773
cf_rotator_catalog,3051547433151140224,,105.85229394931528,-8.489930781577835,0.4238292757298372,,True,2.1379791270515383
cf_rotator_catalog,3051548807537953408,,105.7732389050371,-8.434424558017216,-0.7870261535765997,,True,1.880506437881658
cf_rotator_catalog,3051559081100002944,,105.65507552726912,-8.456098791130042,1.0820828048883009,,True,2.5813431175450248
cf_rotator_catalog,3051564441219113728,,105.56173697863358,-8.351993439348643,-1.5756326665551703,,False,1.2661990738725946
cf_rotator_catalog,3051564475578793600,,105.5783175970306,-8.346451929057254,-0.6056639764116378,,True,1.9800712982567188
cf_rotator_catalog,3051571553692670848,,105.7656723528898,-8.265715018654326,1.5698480003203013,,True,2.752038830818281
cf_rotator_catalog,3051573580908857984,,105.82344054789404,-8.223061636235562,0.9033020807928378,,True,2.1514999352034785
cf_rotator_catalog,3052316163584921088,,105.42471805941696,-8.30680503311614,-1.046255508817812,,True,1.842229661494228
cf_rotator_catalog,3052317263091392768,,105.55209320764968,-8.26088855038643,2.177487851049533,,True,1.7149921310041547
cf_rotator_catalog,3052325681227010176,,105.74598688365916,-8.144657512966988,0.6439725007096054,,True,2.0374552581535115
cf_rotator_catalog,3450988286555378176,,88.22730141971662,32.37035913269936,0.9069603338096855,,True,1.6358333000965162
cf_rotator_catalog,3451012132216182016,,88.2696201956907,32.42764339493864,0.5055787198353577,,True,2.0599229146207776
cf_rotator_catalog,3451175207826331136,,88.05827171856858,32.376920035061936,-0.6719203030846298,,True,1.997397443045676
cf_rotator_catalog,3451180288771180416,,88.08252216636923,32.48273443333494,0.3299732315977535,,True,1.669238284698677
cf_rotator_catalog,3451181117701136768,,88.09903540078633,32.56232176254679,0.9259679014476974,,True,2.093999486486912
cf_rotator_catalog,3451181323859667584,,88.05119679684839,32.517090958418365,0.6257110196017651,,True,1.9254055458961905
cf_rotator_catalog,3451193689070599808,,87.9780669631036,32.59471705099621,0.7965012915531504,,True,1.7199574909080608
cf_rotator_catalog,3451194964677281408,,87.98910508492025,32.63257215212393,1.1007663154560157,,True,1.5660388866886783
cf_rotator_catalog,3451195235264893312,,87.96219299869803,32.661978659187476,0.319132870646098,,True,1.9956948531304568
cf_rotator_catalog,3451207467324416128,,88.29158266892232,32.7336612372602,-0.2680041871833528,,True,1.8193282818204912
cf_rotator_catalog,3451174417552338176,,88.08733604366344,32.36909903206132,0.5685776986185851,,True,1.7286760605028708
cf_rotator_catalog,3451176165602514688,,88.14271699863005,32.41431350061823,0.8808695375832984,,True,1.942347257453823
cf_rotator_catalog,3451179571513082624,,87.9909045429837,32.470520725582354,0.95119250726661,,True,1.8492640057774004
cf_rotator_catalog,3451201080709093632,,88.19532891378414,32.52345684299121,0.0978067660509894,,True,1.9748680835973955
cf_rotator_catalog,3451201836624822272,,88.22545169989857,32.579108259343066,1.616895030085846,,True,2.1812185022066197
cf_rotator_catalog,3451218702960419328,,88.05107252695024,32.69351406202348,1.7187629127589403,,True,1.5921569213430882
cf_rotator_catalog,3451218874759174784,,88.01190513409968,32.71152992504556,0.5370683380746096,,True,2.0742967354620023
cf_rotator_catalog,3451176028172240512,,88.12279470062192,32.39287858122154,-1.5405339200774133,,True,1.6987357834807737
cf_rotator_catalog,3451181461300047488,,87.99873264083745,32.52347646333098,0.6882534738627014,,True,1.8597870213887535
cf_rotator_catalog,3451202008421964544,,88.2306368269405,32.593183692925514,1.198270914709025,,True,1.9260041460438968
cf_rotator_catalog,3451207368541094528,,88.24799786113091,32.70386173205903,0.6827288557049731,,True,1.5012196680386067
cf_rotator_catalog,3451207467333770240,,88.30198706364206,32.732834125868884,0.3829503347236632,,True,2.0845276920877933
cf_rotator_catalog,3450988595795139968,,88.21355119303806,32.412338201583935,2.0059284601796157,,True,2.0112452920877932
cf_rotator_catalog,3451173416824287616,,87.87582059798736,32.41590796161176,1.5671332447769275,,True,2.134156488730073
cf_rotator_catalog,3451172252890396672,,87.93095551815536,32.366575738687665,-0.4081693981587835,,False,1.4476049366299848
cf_rotator_catalog,3451177338130000000,,88.14454647308185,32.45274438004513,0.4924996588953145,,True,1.777170103928844
cf_rotator_catalog,3451178845662144000,,88.02364283420529,32.45192453782401,0.6799956003838922,,False,0.9765210673869849
cf_rotator_catalog,3451179674593606400,,88.00002082707016,32.467472129243504,0.4982248324718667,,False,1.2827187064303975
cf_rotator_catalog,3451179846390992384,,87.96443764094937,32.486031536850454,-0.0395161799033765,,True,1.600098857614102
cf_rotator_catalog,3451182114133577472,,88.04890592122639,32.58039618175791,0.8090439281235713,,True,2.1749483286565408
cf_rotator_catalog,3451199598946048512,,87.87608358832836,32.73978226895507,0.590675250605361,,True,1.7913656534625293
cf_rotator_catalog,3451201213851933312,,88.21450162448927,32.53950626442084,0.8414420204925264,,False,1.1890474660390793
cf_rotator_catalog,3451205994151628928,,88.13899528522175,32.642202817621666,0.003540784243016,,True,1.9998987783190012
cf_rotator_catalog,3451206024216845312,,88.15036727516919,32.64910214567777,0.4393793065464703,,True,1.876255170620149
cf_rotator_catalog,3451207914002653056,,88.1619534653601,32.711955973150395,2.2894320121403537,,True,1.936307139291665
cf_rotator_catalog,3451012750691599744,,88.29541980097996,32.47783870713721,0.7215303849847076,,True,1.5778813622880168
cf_rotator_catalog,3451177780510300800,,88.16870445842346,32.511027657541135,0.4273856317174377,,True,1.816773441834855
cf_rotator_catalog,3451179227915721728,,87.95924592628668,32.45784929749343,0.7525775720536219,,True,1.9036015212386377
cf_rotator_catalog,3451181598737578112,,88.02393058073667,32.53576274869776,0.1948705075997523,,True,1.9387662412879227
cf_rotator_catalog,3451193693365478784,,87.97525568955612,32.581967896046365,0.7478715876047707,,True,1.83681276674786
cf_rotator_catalog,3451204070007838464,,88.2984945020089,32.65841325613254,1.38588263499343,,True,1.9818693847908313
cf_rotator_catalog,3451205650554294784,,88.0942712839424,32.61224096649905,-0.3218928598025221,,True,1.6588590176666096
cf_rotator_catalog,3451207055007520256,,88.2944486588466,32.68271011460089,0.6232857264625262,,True,1.8101070327940485
cf_rotator_catalog,3451175306609034112,,88.10546978300064,32.39702720614715,0.9778470086793756,,True,2.0133514414894105
cf_rotator_catalog,3451178055388100096,,88.00890539333227,32.397079123077255,0.4776651236105964,,False,1.298318587020578
cf_rotator_catalog,3451181220780481664,,88.03207994314391,32.50092180864485,0.0136054678206333,,True,1.844483845748671
cf_rotator_catalog,3451193899522996736,,88.01258801936594,32.58846419390295,1.0141142610411955,,True,1.7842073985087152
cf_rotator_catalog,3451198052757590144,,87.8764651078422,32.67626115569061,1.2429793635763593,,True,1.9024347294668849
cf_rotator_catalog,3451200908910339712,,88.27342775836352,32.54967902259385,1.3730142585763951,,True,1.9202957040146147
cf_rotator_catalog,3451206608330908288,,88.26005363622423,32.65130041160196,1.0991849337640036,,True,1.8466793194168225
cf_rotator_catalog,3451206956225923072,,88.23367426687506,32.6878106912707,0.7525504106319231,,True,1.925996864383847
cf_rotator_catalog,3451217985699416320,,88.05570415981504,32.697352436315576,0.0830777142731848,,True,1.948439203918776
cf_rotator_catalog,458367572788145792,,34.82548926193932,57.035838375136535,-0.2954388485943959,,False,1.4666417695862486
cf_rotator_catalog,458370596445491584,,34.52334330599511,57.05822453221455,0.9083539999865308,,False,1.301381198110676
cf_rotator_catalog,458373139063279616,,34.574123621441636,57.18093586272568,2.618297788389556,,False,1.407052090364219
cf_rotator_catalog,458373856319358464,,34.9252230248555,57.1012788381119,0.0223387492207241,,True,1.917689264029264
cf_rotator_catalog,458375269369893888,,34.83689611617837,57.17850585252644,1.3297041624735093,,True,1.5624676544986826
cf_rotator_catalog,458376575039224576,,34.88606171913847,57.18793311662682,0.926058135999268,,False,1.396880038054558
cf_rotator_catalog,458376918636596736,,34.88513313509032,57.215735182912944,0.0705840016819151,,True,1.7703358181440152
cf_rotator_catalog,458379152020061440,,34.65088094180924,57.22977161359783,-0.9193422149316708,,False,-1.5381499359707351
cf_rotator_catalog,458379392542522112,,34.72403919105918,57.250310464021354,0.3590824625341938,,True,1.8553411001366868
cf_rotator_catalog,458379495615187584,,34.72233108445181,57.27211462429625,0.1612731694594134,,False,1.41809790314188
cf_rotator_catalog,458380904366224768,,34.74569735704611,57.26824224125764,-0.4231680915965134,,False,1.449748384175587
cf_rotator_catalog,458361731631328256,,35.00305103847587,57.03872748617195,-0.7995828002145591,,True,1.613142826861763
cf_rotator_catalog,458361933487139328,,34.97155095898237,57.052227786244245,0.429002968473538,,True,1.8206187784476544
cf_rotator_catalog,458372176992990976,,34.53675289475275,57.08951868520518,0.5174393437967236,,True,2.293202043147637
cf_rotator_catalog,458372829826346368,,34.63719737530601,57.16007736156056,0.5265451214239967,,True,1.8720812353241016
cf_rotator_catalog,458373929338052224,,34.95947989349265,57.113455108854744,0.1903765973611878,,True,1.623448862832498
cf_rotator_catalog,3451175310906746880,,88.09032039510979,32.39725693324227,2.442437992966027,,True,1.9493452202542831
cf_rotator_catalog,3451180327428975488,,88.08787178056625,32.504599521277584,1.0560922377752462,,False,1.1360679856975504
cf_rotator_catalog,3451181285204623232,,88.02177760090878,32.523579018542144,1.3196778132678106,,True,2.0993850449615237
cf_rotator_catalog,3451181804895962496,,88.05066402286319,32.55372240797146,1.3088377394731916,,True,2.0080238382098887
cf_rotator_catalog,3451191666140988928,,87.94149625413108,32.51062111780562,-0.1568915797914011,,True,1.8069869806205945
cf_rotator_catalog,3451193693364596864,,87.97264327127533,32.590956766551635,0.0169593284130599,,True,2.029275181017213
cf_rotator_catalog,3451197984043250304,,87.87842829148316,32.672439718432045,1.2612695066135016,,True,1.938587020845944
cf_rotator_catalog,3451200049916912512,,88.27161699382052,32.49328730455728,0.1761923960632019,,True,1.890571612818834
cf_rotator_catalog,3451207948362426368,,88.1686773431993,32.719994874819875,0.5783428221174446,,True,1.805387855135323
cf_rotator_catalog,3451177063253419264,,88.09255330060756,32.43159655322632,0.130395773444665,,False,1.4636158366449374
cf_rotator_catalog,3451177097611881600,,88.09724873201878,32.441109642441056,-0.6242464118916183,,True,2.09750857585518
cf_rotator_catalog,3451177097613160704,,88.10181794199265,32.444388534419,0.7851326440112947,,True,1.949682777856216
cf_rotator_catalog,3451178712521241728,,88.00758232212218,32.428328365503525,1.4967292913453554,,True,1.8401502426861764
cf_rotator_catalog,3451192864436544896,,87.91007247969146,32.56123663828123,1.140910586128916,,True,1.7882643779683027
cf_rotator_catalog,3451193242399446528,,87.8888186248606,32.60776119163961,1.2964902781743095,,True,1.8415195874737724
cf_rotator_catalog,3451193281050064256,,87.98025227074206,32.53386630861647,1.7312926125419634,,True,1.702456681851639
cf_rotator_catalog,3451205410036113536,,88.12451993764046,32.59825998017257,-0.6266167475837289,,True,1.7249091096648574
cf_rotator_catalog,3451171806213783296,,87.88403392895411,32.34323799570332,-1.2532452362130344,,True,1.8237683976115509
cf_rotator_catalog,3451173283682541312,,87.85775696438753,32.39708614978529,0.0600921708488484,,True,2.2480457670040206
cf_rotator_catalog,3451176303050531584,,88.18769250696828,32.424806214081,1.1519740640617626,,True,1.6975717078354184
cf_rotator_catalog,3451177475570276992,,88.1694451936131,32.47831746804084,0.2846924988106021,,True,2.0378011371063964
cf_rotator_catalog,3451201729259052160,,88.25207064396591,32.569849620946826,0.1923575759720986,,True,1.5211279944912333
cf_rotator_catalog,3451201939704031360,,88.24997032436649,32.58751986444,1.1078721734258308,,True,2.225764247514174
cf_rotator_catalog,3451205440100922752,,88.09503766344264,32.59911378193537,1.0823669169192331,,True,1.9035879145890569
cf_rotator_catalog,3451205787994836608,,88.11466847563669,32.63191245051938,1.0459794911235445,,False,0.5986009943856914
cf_rotator_catalog,3451218050125358464,,88.12795172705893,32.68229184198948,0.1700686802687588,,True,1.914884877161673
cf_rotator_catalog,3451219699392964864,,88.1609885316082,32.724276048599634,0.8594539280540782,,True,1.9023437417396811
cf_rotator_catalog,458355576938387712,,34.89288306920653,57.00255214103732,0.4251103153189282,,True,1.690169158939474
cf_rotator_catalog,458361594193659520,,34.927083360260596,57.03543895627944,-0.3351117184442866,,True,1.6979148874290535
cf_rotator_catalog,458367675867365504,,34.8149989186407,57.046110474761576,0.8201917149970184,,False,1.4926134146276473
cf_rotator_catalog,458368741019056128,,34.72256778912621,57.08868062809,-0.6806822353520654,,True,1.728879940898126
cf_rotator_catalog,458369256418707712,,34.53359483679066,56.99347180530038,-0.2043382592413562,,True,2.067676830959209
cf_rotator_catalog,458372176990698496,,34.5285804829849,57.08746594098528,0.6596312032102776,,True,1.9586570561170575
cf_rotator_catalog,458373379587923840,,34.91966909532808,57.068014113428774,-2.741439844221477,,False,1.0805783765684127
cf_rotator_catalog,458374650897824640,,34.752050928329204,57.11290929228933,0.5678505619245179,,True,1.752503361369095
cf_rotator_catalog,458374994491888512,,34.88327769949585,57.14696563062544,1.2492943505703444,,True,1.6857098640292645
cf_rotator_catalog,458375299428464384,,34.85782110072614,57.178540870597985,0.5736051550031804,,True,1.644521401143408
cf_rotator_catalog,458375647326789504,,34.99445590770033,57.18276586240531,-0.2876853224151176,,True,1.922066484635605
cf_rotator_catalog,458377056073821824,,34.962495452380324,57.2214327428473,0.7684589186482982,,True,1.7744705134308814
cf_rotator_catalog,458377811988282752,,34.72306845956834,57.165625564122614,0.4806188473757133,,True,1.6937232343140718
cf_rotator_catalog,458378018148680320,,34.702278352833936,57.17502365361563,0.5760359122401392,,True,1.7647164244325926
cf_rotator_catalog,458378086868158080,,34.705175061067116,57.18239484259733,0.0318003699761326,,False,1.2004779417593987
cf_rotator_catalog,458378396106014336,,34.80001229373042,57.22367302138183,0.6293117037289501,,True,1.5812656395237925
cf_rotator_catalog,458378911501891712,,34.6507999781204,57.21808574788661,-0.9781633120850136,,True,1.5960720608597492
cf_rotator_catalog,458379839214352896,,34.84367356008305,57.222016433975014,1.456425983948875,,True,1.7913217243943214
cf_rotator_catalog,5290648089395293184,,119.6552783885392,-61.309425352803785,2.9987404796800132,,True,2.687771437531574
cf_rotator_catalog,5290667571367215616,,119.65923538565006,-61.0586289893105,2.673941606716039,,True,2.7547331895472165
cf_rotator_catalog,458375647330133248,,34.99041329540157,57.17696960743775,0.3580295808138627,,False,1.055529884175587
cf_rotator_catalog,458376502019313280,,34.90516348338389,57.182036833471315,0.7504444941250927,,True,1.5641512802529334
cf_rotator_catalog,458377399677938304,,34.900883677055674,57.24857207225486,0.0462452511096043,,True,2.225688424485829
cf_rotator_catalog,458560915030003584,,34.53446452875487,57.22831483580225,0.1914167727066366,,True,1.8223968294571633
cf_rotator_catalog,3451208429397101824,,88.23595179774541,32.748516439612835,1.6839509348171984,,False,1.3636341741978548
cf_rotator_catalog,3451217745181301760,,88.054375673501,32.653605467080276,1.3009674000077385,,True,1.8733002024397971
cf_rotator_catalog,3451218157502182400,,88.13290289983479,32.68949888593485,0.4483410941797975,,True,1.7837902704253314
cf_rotator_catalog,3451218496802154240,,88.09369361052616,32.7344738283284,0.0545245367618056,,True,1.7272640083970807
cf_rotator_catalog,3451219390161588608,,88.04666169724149,32.73792730385491,0.4392130347889515,,True,1.877339284049058
cf_rotator_catalog,3451219905558457216,,88.17561457316451,32.75676626735064,2.0077231093622716,,True,1.5617879935983194
cf_rotator_catalog,3451172184169421440,,87.90279181975782,32.34860038096253,0.4843245295082561,,True,2.0386315007157365
cf_rotator_catalog,3451175379626226944,,88.08407241239736,32.40334461869212,0.516645744159365,,True,2.136277834609137
cf_rotator_catalog,3451181216485089920,,88.03351944230914,32.50018519277765,1.2613626686993105,,True,1.7977657329888332
cf_rotator_catalog,3451204825920527232,,88.19430285792056,32.590959123821015,1.334369114850653,,True,1.9064134922097091
cf_rotator_catalog,3451208051448758400,,88.18332756229447,32.72649381811025,-1.1310700886271985,,True,1.9043602775238315
cf_rotator_catalog,3451218943478716544,,87.99868732576448,32.72751890424134,-0.1498740792834646,,True,1.5739943098895242
cf_rotator_catalog,458361388034105088,,34.90921373734732,57.00817729364306,0.6062186560297986,,True,2.123094863925994
cf_rotator_catalog,458361937789715456,,34.96443143673479,57.05293989375739,-0.1299036569124267,,True,1.7735166347739697
cf_rotator_catalog,458363651477080320,,34.991657621029866,57.11042846959446,-0.1403635178552131,,True,2.134836231702227
cf_rotator_catalog,458369565656685568,,34.5867390484924,57.014655277725886,1.7991040593799277,,True,1.7549842359707353
cf_rotator_catalog,458372280069887872,,34.58220688148725,57.115890769428546,1.2078967479072458,,True,1.723494984428577
cf_rotator_catalog,458372864185391616,,34.60192639831568,57.157847053325625,1.437454561758187,,True,1.7228036666585278
cf_rotator_catalog,458374238581803776,,34.90938289086624,57.141219263523766,0.0717028768623648,,True,1.7289745230561109
cf_rotator_catalog,458378774060916992,,34.64371255316999,57.18626053911579,0.7292180940670884,,True,1.767296633008534
cf_rotator_catalog,458379529976859392,,34.65330855669564,57.24167346917445,-0.4306458473438026,,False,1.4917992640292643
cf_rotator_catalog,458560674511556736,,34.52222300149901,57.180975636370064,1.3149159519205331,,True,1.6578425063359905
cf_rotator_catalog,458368637944006784,,34.72377802171699,57.07935071588204,-0.0328776837875657,,True,1.6489736740797043
cf_rotator_catalog,458369325132498560,,34.50929632571261,57.00453547016481,0.3354949646729803,,True,1.641072518005808
cf_rotator_catalog,458369595714747264,,34.59472379719193,57.03019507679756,0.5982720347427246,,True,1.7438744490763487
cf_rotator_catalog,458372520588058240,,34.53869845724426,57.11724908722485,-0.1497474306427488,,True,1.958029278340404
cf_rotator_catalog,458372589310242944,,34.51362136521107,57.13977175680349,-0.8025699638192503,,True,1.6187163601426735
cf_rotator_catalog,458372898550927360,,34.606392201594446,57.17593995363867,0.4732731404249921,,True,1.7108425491864814
cf_rotator_catalog,458375406808157568,,34.97228627878096,57.122751297236405,0.4357990451561885,,True,1.5813075859879482
cf_rotator_catalog,458375819125153536,,34.9564878447144,57.17215868362716,1.7280656540842605,,True,1.6303152614484402
cf_rotator_catalog,458376265802059392,,35.00586685959737,57.201200392852606,0.9006022054552316,,True,1.8000452453493891
cf_rotator_catalog,458376540683328512,,34.90470088228145,57.188025901289265,0.6316521874401219,,True,1.988404442686176
cf_rotator_catalog,458378705342984832,,34.64036416669337,57.17152229108944,0.8881198935520237,,False,1.2824086640292645
cf_rotator_catalog,458566721826016128,,34.570293841495435,57.21971599091545,2.593333383814404,,False,1.428791598522949
cf_rotator_catalog,458361250596257920,,34.987713058300464,56.99819867546995,0.250145863361432,,True,1.76942064145901
cf_rotator_catalog,458361456754403584,,34.89527990008895,57.02366543268813,1.3070869455071614,,False,1.3440187499986649
cf_rotator_catalog,458367400989452544,,34.84655938420558,57.036297801641254,0.3597778789550079,,True,1.7197990741165603
cf_rotator_catalog,458369874893984128,,34.56815071496189,57.04894735070789,0.2016058256446151,,True,1.77427229546001
cf_rotator_catalog,458371489795920128,,34.596490512793864,57.09630651379399,0.3124103137467679,,True,1.9573106640292643
cf_rotator_catalog,458371764676270720,,34.69585000642973,57.11179382417914,-0.1143691842285698,,False,1.3906242426861763
cf_rotator_catalog,458373998057466368,,34.94317443053269,57.12518484022587,0.6059619954342513,,True,1.669600683729202
cf_rotator_catalog,458374582174430976,,34.77805661901996,57.0984641604692,0.7279011935631071,,True,1.8335299469119928
cf_rotator_catalog,458375402507618560,,34.99265189008645,57.12291435773712,0.5435379455114927,,True,1.7758708628324982
cf_rotator_catalog,458376300166073216,,34.95928280792679,57.21021964702054,0.8123524310603282,,True,1.787157172055145
cf_rotator_catalog,458376746838067712,,34.922207349114004,57.225644864365584,-0.2935206510861026,,True,1.9813067103281543
cf_rotator_catalog,458376952996893184,,34.89014676326947,57.23564878963645,0.2713479292481108,,False,1.3550250687427052
cf_rotator_catalog,458378086868161664,,34.69523423232105,57.19329273486447,3.1445933524468344,,False,1.4124175392803795
cf_rotator_catalog,458379078999891072,,34.605412935737576,57.22462766320811,0.8426832450215431,,True,1.9528687030661305
cf_rotator_catalog,458380388968353792,,34.89770198612249,57.276035288954944,0.919063259499464,,True,1.8953522710250632
cf_rotator_catalog,458560365274415744,,34.48648719879379,57.18179863969179,1.4635766224350757,,True,1.6190320037968158
cf_rotator_catalog,458361761688441984,,35.00607831364823,57.04830939834302,1.3252899303215406,,True,1.924208426861763
cf_rotator_catalog,458371863454540672,,34.65377532054903,57.10765919098495,0.7466059295834314,,False,1.3264772061769674
cf_rotator_catalog,458374376016002176,,34.778857495981704,57.09342301500299,0.4836968424124102,,True,1.627574712620497
cf_rotator_catalog,458374376016684544,,34.787984208687014,57.09914821906494,0.3944276814945712,,False,1.31890562614323
cf_rotator_catalog,458377154854426496,,34.93642572894176,57.24371956354531,-0.080357182100871,,True,1.5673057426861765
cf_rotator_catalog,458377399673597824,,34.89111123936506,57.24982385824191,-0.1211331195011098,,False,1.4265603979588062
cf_rotator_catalog,458355581238363008,,34.89556433654016,57.0016445229182,0.5148425143304274,,True,1.945897600846672
cf_rotator_catalog,458361486817025664,,34.92613807959758,57.02607445342374,-0.0710011171446939,,True,1.8254599494512036
cf_rotator_catalog,458362002209556864,,34.94906703447617,57.060653254946786,0.3635619527930476,,True,1.559942039414277
cf_rotator_catalog,458367126111547136,,34.75807807263281,57.01190554953309,1.097506672342722,,True,1.5992992561170576
cf_rotator_catalog,458368294341452672,,34.7764937139765,57.04037027921274,0.6484310267178335,,True,1.6002890146276472
cf_rotator_catalog,458370493370264960,,34.506824557052475,57.04462749360168,0.8096234162791507,,True,1.8121475359707353
cf_rotator_catalog,458372348790290048,,34.57682777453527,57.12273291031384,0.41382626673962,,True,2.1323367444465156
cf_rotator_catalog,458372623669766016,,34.5326642290595,57.14730160342807,0.7138552269109456,,True,2.185385363446522
cf_rotator_catalog,458374272941149824,,34.89987111101097,57.14885048741969,0.5437252847513503,,True,1.70133867928098
cf_rotator_catalog,458378567904707840,,34.76435643337355,57.21117814778731,4.127954853301886,,True,1.6636814773369812
cf_rotator_catalog,458379461258102784,,34.71128669788054,57.25202653504138,-0.6516691390926083,,False,1.199298184175587
cf_rotator_catalog,598887216100088192,,132.65313112627564,11.40463763302814,1.2650705754801397,,True,2.1385552228533906
cf_rotator_catalog,598886911154739968,,132.6318617206047,11.404189254836956,1.7151290099365255,,True,2.023719679339157
cf_rotator_catalog,604686422674966912,,133.20229089053515,11.333224763109524,0.3515298840354577,,True,2.1439586319893937
cf_rotator_catalog,604892989128623488,,133.01513552196468,11.59463701978955,2.266912933323509,,True,2.442188479933274
cf_rotator_catalog,458361662912983424,,35.00198937573557,57.03463153098436,0.070354315983536,,True,1.749355455830601
cf_rotator_catalog,458361864767674368,,35.00936749406483,57.063584569908286,0.3461590886668058,,True,1.6707029629227703
cf_rotator_catalog,458366537694908032,,34.63728655138573,56.99235778754357,-0.2277624524357402,,True,1.852896457167443
cf_rotator_catalog,458369634370137344,,34.55619015201771,57.00673462483107,1.2499028609356897,,True,2.183635479505348
cf_rotator_catalog,458371902114801024,,34.619199952699255,57.12383043835462,0.4967278260172824,,True,1.7192235581249895
cf_rotator_catalog,458372039553751040,,34.63717748624344,57.14089862400418,0.9707421847030708,,True,1.7179118046417878
cf_rotator_catalog,458372245715917568,,34.57567542561082,57.101893852858986,-0.5570911187008307,,True,1.7640252747417118
cf_rotator_catalog,458372623667233664,,34.53049765346528,57.155732556690594,0.3177338285919686,,False,1.4589298725951745
cf_rotator_catalog,458372623669767296,,34.52390211428314,57.150309630515785,0.3398495702868882,,True,1.7919052415443415
cf_rotator_catalog,458375746105030784,,34.927558770865424,57.15144069007365,0.4589773587923605,,True,1.6836033536422188
cf_rotator_catalog,458378121227900672,,34.69747368569029,57.19457607443413,2.458527035766344,,False,0.8295664911031474
cf_rotator_catalog,458560846310183168,,34.562556030916596,57.20361712368808,0.2874004873047741,,True,1.528448473473215
cf_rotator_catalog,5290895896125454208,,118.15386413015108,-60.85591893258077,0.6430552695623718,,True,1.9636054178559443
cf_rotator_catalog,458367912084497280,,34.71551250038001,57.0250189910086,1.11733758092693,,True,1.9595535561170576
cf_rotator_catalog,458370665168562688,,34.50924017247372,57.066520621633344,-3.0695754999404796,,True,1.6604117414894102
cf_rotator_catalog,458371902113678464,,34.623480981644846,57.12059134339672,0.0748789285562897,,True,1.6940182641180244
cf_rotator_catalog,458372417510868864,,34.52139200541607,57.12152009977907,-0.5558786298765869,,True,2.1853448363771366
cf_rotator_catalog,458374101138683520,,34.88754071930157,57.11336777201358,0.6817245004517036,,False,-0.0268793747968674
cf_rotator_catalog,458379220736922112,,34.64009995750504,57.24355833313265,-1.0640657570865124,,True,1.5019054171979616
cf_rotator_catalog,458379461255478784,,34.69760998051897,57.25995849147533,0.1724968873535319,,True,1.7001339508407955
cf_rotator_catalog,458560743231036288,,34.50668145626696,57.182048057979685,0.8983620987533387,,True,2.0794546261104374
cf_rotator_catalog,458566859264973568,,34.594083829752584,57.24580489291316,0.7390948494269293,,False,0.5062893553801707
cf_rotator_catalog,5290709181010920832,,118.47996299157892,-60.81409527452685,2.263085798216246,,True,3.146101190398517
cf_rotator_catalog,598888521767965568,,132.6114357408796,11.46929600008652,1.2250470228313255,,True,2.056480031083105
cf_rotator_catalog,598956382253218816,,132.48487786013376,11.759064903483038,2.6842132179006555,,True,1.9372344851812573
cf_rotator_catalog,604687178590760192,,133.2274440656142,11.379928492620612,0.5126548158121329,,True,2.2977592560373097
cf_rotator_catalog,5340164496814686592,,166.50804305858026,-58.54128704938523,2.0982975694890875,,False,1.362983389352418
cf_rotator_catalog,598957756642455680,,132.33471044710916,11.736700414855068,2.1137918663133837,,True,1.93701435648164
cf_rotator_catalog,604922955113458432,,132.91025924769465,11.919726608604252,0.8054130628275041,,True,2.056448867930065
cf_rotator_catalog,604903090890049792,,133.0078022192639,11.684581638867783,1.3552307679885307,,True,2.3219186665699634
cf_rotator_catalog,598959371548060672,,132.3645842391264,11.77065059362317,1.4600963568249232,,True,2.770769539080121
cf_rotator_catalog,604897803785089024,,132.82767805504835,11.652667201315907,2.3142279702470523,,True,1.7791393558308273
cf_rotator_catalog,604945559526273536,,133.18718287134405,12.020098029456989,1.3572477457928476,,True,2.176862506587923
cf_rotator_catalog,951479055864406144,,102.02696996314084,41.00897972999952,0.9025572809892228,,True,2.3708897306982593
cf_rotator_catalog,951481525470336256,,102.0898677442742,41.1421069660167,1.4648259712061673,,False,-0.1155512347640113
cf_rotator_catalog,675714972613353856,,124.42186823794664,20.657626676766448,5.719000225717168,,False,0.0871415388374148
cf_rotator_catalog,3451174791212904448,,88.03056952606154,32.35422494749303,0.3587497341670156,,False,0.906596288711245
cf_rotator_catalog,3052321798581850880,,105.51641897305818,-8.188483262564121,-0.0936358129848625,,True,1.5386584404356416
cf_rotator_catalog,3051594746507539712,,105.93168006403556,-8.173653713404198,0.9601627646388498,,True,1.5685358791905202
cf_rotator_catalog,3451177509930017792,,88.18514564789116,32.493203245051966,4.8950169388660365,,False,1.4352567744152644
cf_rotator_catalog,3051554987995529984,,105.86545179701965,-8.393592573925474,0.3022502758426279,,True,1.8085109761051443
cf_rotator_catalog,3051575260241452416,,105.8348540627132,-8.134708858633493,-0.0331236721127349,,False,1.33470085496306
cf_rotator_catalog,3050056834682810752,,105.60452861685964,-8.554670353416553,-0.1088301800187791,,True,1.949648253723523
cf_rotator_catalog,3052323752783025792,,105.63535037211224,-8.19821085469229,0.1566466210751595,,True,1.6989122037963371
cf_rotator_catalog,3051569698263114880,,105.9009082405286,-8.247319939602303,-0.0708022822522702,,True,1.5738459855172056
cf_rotator_catalog,3451200977631321472,,88.19639128462322,32.498347658706486,1.1979231738830591,,False,1.4193689974167425
cf_rotator_catalog,3051568392588578560,,105.76438957673658,-8.304797791850572,0.3049800260600234,,False,1.147766183484919
cf_rotator_catalog,3050813406061551872,,105.45035514514602,-8.392770246796319,0.9143275621799244,,True,1.6534790383803246
cf_rotator_catalog,3451204929001311360,,88.19480026847535,32.603808185139854,0.779808582936915,,True,2.007832361941869
cf_rotator_catalog,5290769727170191232,,119.89889724961078,-60.74410878570598,2.415857760240319,,False,1.426953780057801
cf_rotator_catalog,5290816422049740800,,119.68043079098712,-60.69598302484388,2.4625373765351455,,True,1.9586342933288037
cf_rotator_catalog,5290823671959351936,,120.02574740163452,-60.588262312885675,2.433408518231232,,False,1.0924043588321013
