star_id,alternate_id,prot_days,prot_err_days,prot_err_plus_days,prot_err_minus_days,age_gyr,age_err_gyr,age_err_plus_gyr,age_err_minus_gyr,bibcode,sample_name,tier_name,quality_note,teff_k,spectral_type_estimate,age_label_type,period_measurement_type,source_url
KIC 4914423,,23.07,10.69,10.69,10.69,5.50,0.65,0.65,0.65,2023arXiv230905666S,Kepler asteroseismic field dwarfs,Tier 1 - high-trust old FGK asteroseismic,central age >=5.5 Gyr; asteroseismic rotation/age table; borderline central age = 5.50 Gyr,,,,,
KIC 6116048,,17.90,1.02,1.02,1.02,5.65,0.40,0.40,0.40,2023arXiv230905666S,Kepler asteroseismic field dwarfs,Tier 1 - high-trust old FGK asteroseismic,central age >=5.5 Gyr; asteroseismic rotation/age table,,,,,
KIC 9410862,,20.58,8.99,8.99,8.99,5.89,0.67,0.67,0.67,2023arXiv230905666S,Kepler asteroseismic field dwarfs,Tier 1 - high-trust old FGK asteroseismic,central age >=5.5 Gyr; asteroseismic rotation/age table; broad Prot uncertainty,,,,,
KIC 7106245,,21.41,18.50,18.50,18.50,6.07,0.64,0.64,0.64,2023arXiv230905666S,Kepler asteroseismic field dwarfs,Tier 1 - high-trust old FGK asteroseismic,central age >=5.5 Gyr; asteroseismic rotation/age table; very broad Prot uncertainty,,,,,
KIC 4914923,,21.39,4.47,4.47,4.47,6.40,0.51,0.51,0.51,2023arXiv230905666S,Kepler asteroseismic field dwarfs,Tier 1 - high-trust old FGK asteroseismic,central age >=5.5 Gyr; asteroseismic rotation/age table,,,,,
KIC 6933899,,28.91,4.27,4.27,4.27,6.42,0.68,0.68,0.68,2023arXiv230905666S,Kepler asteroseismic field dwarfs,Tier 1 - high-trust old FGK asteroseismic,central age >=5.5 Gyr; asteroseismic rotation/age table,,,,,
KIC 6521045,,24.78,1.94,1.94,1.94,6.50,0.56,0.56,0.56,2023arXiv230905666S,Kepler asteroseismic field dwarfs,Tier 1 - high-trust old FGK asteroseismic,central age >=5.5 Gyr; asteroseismic rotation/age table,,,,,
KIC 3544595,,26.06,4.29,4.29,4.29,6.55,0.70,0.70,0.70,2023arXiv230905666S,Kepler asteroseismic field dwarfs,Tier 1 - high-trust old FGK asteroseismic,central age >=5.5 Gyr; asteroseismic rotation/age table,,,,,
KIC 10516096,,22.62,2.52,2.52,2.52,6.57,0.48,0.48,0.48,2023arXiv230905666S,Kepler asteroseismic field dwarfs,Tier 1 - high-trust old FGK asteroseismic,central age >=5.5 Gyr; asteroseismic rotation/age table,,,,,
KIC 11401755,,18.48,4.52,4.52,4.52,6.60,0.59,0.59,0.59,2023arXiv230905666S,Kepler asteroseismic field dwarfs,Tier 1 - high-trust old FGK asteroseismic,central age >=5.5 Gyr; asteroseismic rotation/age table,,,,,
KIC 12069449,,21.18,1.64,1.64,1.64,6.89,0.35,0.35,0.35,2023arXiv230905666S,Kepler asteroseismic field dwarfs,Tier 1 - high-trust old FGK asteroseismic,central age >=5.5 Gyr; asteroseismic rotation/age table,,,,,
KIC 7296438,,45.59,26.21,26.21,26.21,6.92,0.51,0.51,0.51,2023arXiv230905666S,Kepler asteroseismic field dwarfs,Tier 1 - high-trust old FGK asteroseismic,central age >=5.5 Gyr; asteroseismic rotation/age table; very broad Prot uncertainty,,,,,
KIC 11295426,,42.61,13.02,13.02,13.02,6.96,0.43,0.43,0.43,2023arXiv230905666S,Kepler asteroseismic field dwarfs,Tier 1 - high-trust old FGK asteroseismic,central age >=5.5 Gyr; asteroseismic rotation/age table; broad Prot uncertainty,,,,,
KIC 12069424,,20.52,1.54,1.54,1.54,7.07,0.44,0.44,0.44,2023arXiv230905666S,Kepler asteroseismic field dwarfs,Tier 1 - high-trust old FGK asteroseismic,central age >=5.5 Gyr; asteroseismic rotation/age table,,,,,
KIC 9955598,,31.41,7.72,7.72,7.72,7.07,0.62,0.62,0.62,2023arXiv230905666S,Kepler asteroseismic field dwarfs,Tier 1 - high-trust old FGK asteroseismic,central age >=5.5 Gyr; asteroseismic rotation/age table,,,,,
KIC 7680114,,27.34,16.52,16.52,16.52,7.25,0.54,0.54,0.54,2023arXiv230905666S,Kepler asteroseismic field dwarfs,Tier 1 - high-trust old FGK asteroseismic,central age >=5.5 Gyr; asteroseismic rotation/age table; very broad Prot uncertainty,,,,,
KIC 10586004,,19.60,8.81,8.81,8.81,7.39,0.73,0.73,0.73,2023arXiv230905666S,Kepler asteroseismic field dwarfs,Tier 1 - high-trust old FGK asteroseismic,central age >=5.5 Gyr; asteroseismic rotation/age table; broad Prot uncertainty,,,,,
KIC 10514430,,53.56,25.42,25.42,25.42,7.39,0.62,0.62,0.62,2023arXiv230905666S,Kepler asteroseismic field dwarfs,Tier 1 - high-trust old FGK asteroseismic,central age >=5.5 Gyr; asteroseismic rotation/age table; broad Prot uncertainty,,,,,
KIC 9098294,,27.21,6.37,6.37,6.37,7.68,0.55,0.55,0.55,2023arXiv230905666S,Kepler asteroseismic field dwarfs,Tier 1 - high-trust old FGK asteroseismic,central age >=5.5 Gyr; asteroseismic rotation/age table,,,,,
KIC 7871531,,33.09,4.10,4.10,4.10,8.49,0.74,0.74,0.74,2023arXiv230905666S,Kepler asteroseismic field dwarfs,Tier 1 - high-trust old FGK asteroseismic,central age >=5.5 Gyr; asteroseismic rotation/age table,,,,,
KIC 3656476,,48.04,10.40,10.40,10.40,8.56,0.56,0.56,0.56,2023arXiv230905666S,Kepler asteroseismic field dwarfs,Tier 1 - high-trust old FGK asteroseismic,central age >=5.5 Gyr; asteroseismic rotation/age table,,,,,
KIC 5950854,,22.91,26.94,26.94,26.94,8.92,0.68,0.68,0.68,2023arXiv230905666S,Kepler asteroseismic field dwarfs,Tier 1 - high-trust old FGK asteroseismic,central age >=5.5 Gyr; asteroseismic rotation/age table; very uncertain Prot,,,,,
KIC 8424992,,42.30,18.51,18.51,18.51,9.48,0.70,0.70,0.70,2023arXiv230905666S,Kepler asteroseismic field dwarfs,Tier 1 - high-trust old FGK asteroseismic,central age >=5.5 Gyr; asteroseismic rotation/age table; broad Prot uncertainty,,,,,
KIC 11772920,,35.11,4.99,4.99,4.99,9.66,0.81,0.81,0.81,2023arXiv230905666S,Kepler asteroseismic field dwarfs,Tier 1 - high-trust old FGK asteroseismic,central age >=5.5 Gyr; asteroseismic rotation/age table,,,,,
KIC 7970740,,39.17,7.85,7.85,7.85,9.84,0.61,0.61,0.61,2023arXiv230905666S,Kepler asteroseismic field dwarfs,Tier 1 - high-trust old FGK asteroseismic,central age >=5.5 Gyr; asteroseismic rotation/age table,,,,,
KIC 11904151,,40.94,14.66,14.66,14.66,9.85,0.67,0.67,0.67,2023arXiv230905666S,Kepler asteroseismic field dwarfs,Tier 1 - high-trust old FGK asteroseismic,central age >=5.5 Gyr; asteroseismic rotation/age table; broad Prot uncertainty,,,,,
KIC 8349582,,41.68,17.26,17.26,17.26,10.15,1.08,1.08,1.08,2023arXiv230905666S,Kepler asteroseismic field dwarfs,Tier 1 - high-trust old FGK asteroseismic,central age >=5.5 Gyr; asteroseismic rotation/age table; broad Prot uncertainty,,,,,
KIC 6278762,,32.97,13.53,13.53,13.53,11.02,0.85,0.85,0.85,2023arXiv230905666S,Kepler asteroseismic field dwarfs,Tier 1 - high-trust old FGK asteroseismic,central age >=5.5 Gyr; asteroseismic rotation/age table; coolest/high-value K-dwarf-ish object in tier 1,,,,,
KIC 4143755,,48.10,30.07,30.07,30.07,11.67,0.77,0.77,0.77,2023arXiv230905666S,Kepler asteroseismic field dwarfs,Tier 1 - high-trust old FGK asteroseismic,central age >=5.5 Gyr; asteroseismic rotation/age table; very broad Prot uncertainty,,,,,
GJ 84,ASAS 020504-1736.9,44.51,,,,10.00,,,,2007AcA....57..149K,ASAS old-disk M dwarfs,Tier 2 - weak old-field M-dwarf constraints,kinematic old-disk label; paper treats old-disk population as of order 10 Gyr; period/age uncertainties not tabulated; use as weak age label,,,,,
GJ 176,ASAS 044256+1857.5,38.92,,,,10.00,,,,2007AcA....57..149K,ASAS old-disk M dwarfs,Tier 2 - weak old-field M-dwarf constraints,kinematic old-disk label; paper treats old-disk population as of order 10 Gyr; period/age uncertainties not tabulated; use as weak age label,,,,,
GJ 205,ASAS 053127-0340.6,33.61,,,,10.00,,,,2007AcA....57..149K,ASAS old-disk M dwarfs,Tier 2 - weak old-field M-dwarf constraints,kinematic old-disk label; paper treats old-disk population as of order 10 Gyr; period/age uncertainties not tabulated; use as weak age label,,,,,
GJ 618A,ASAS 162003-3731.7,56.52,,,,10.00,,,,2007AcA....57..149K,ASAS old-disk M dwarfs,Tier 2 - weak old-field M-dwarf constraints,kinematic old-disk label; paper treats old-disk population as of order 10 Gyr; period/age uncertainties not tabulated; use as weak age label,,,,,
GJ 411,ASAS 110321+3558.2,48.00,,,,10.00,,,,2007AcA....57..149K,ASAS old-disk M dwarfs,Tier 2 - weak old-field M-dwarf constraints,kinematic old-disk label; paper treats old-disk population as of order 10 Gyr; period/age uncertainties not tabulated; use as weak age label,,,,,
GJ 699,ASAS 175749+0441.6,130.00,,,,10.00,,,,2007AcA....57..149K,ASAS old-disk M dwarfs,Tier 2 - weak old-field M-dwarf constraints,kinematic old-disk label; paper treats old-disk population as of order 10 Gyr; period/age uncertainties not tabulated; use as weak age label,,,,,
Gaia EDR3 2051099015605500672,KIC 2297584,18.02,,,,8.91,,,,2022AcA....72...77S,NGC 6791 rotational cluster-member variables,Tier 3 - inspect before training,"cluster-member rotational variable at NGC 6791 age; variable-star catalog; inspect for binarity, blending/crowding, pulsation, or non-single-star evolution before use",,,,,
Gaia EDR3 2051104757981275264,KIC 2438685,7.78,,,,8.91,,,,2022AcA....72...77S,NGC 6791 rotational cluster-member variables,Tier 3 - inspect before training,"cluster-member rotational variable at NGC 6791 age; variable-star catalog; inspect for binarity, blending/crowding, pulsation, or non-single-star evolution before use",,,,,
Gaia EDR3 2051104891118311040,KIC 2437994,1.85,,,,8.91,,,,2022AcA....72...77S,NGC 6791 rotational cluster-member variables,Tier 3 - inspect before training,"cluster-member rotational variable at NGC 6791 age; variable-star catalog; inspect for binarity, blending/crowding, pulsation, or non-single-star evolution before use",,,,,
Gaia EDR3 2051104891120796672,KIC 2437990,13.15,,,,8.91,,,,2022AcA....72...77S,NGC 6791 rotational cluster-member variables,Tier 3 - inspect before training,"cluster-member rotational variable at NGC 6791 age; variable-star catalog; inspect for binarity, blending/crowding, pulsation, or non-single-star evolution before use",,,,,
Gaia EDR3 2051104959840285696,KIC 2437791,15.28,,,,8.91,,,,2022AcA....72...77S,NGC 6791 rotational cluster-member variables,Tier 3 - inspect before training,"cluster-member rotational variable at NGC 6791 age; variable-star catalog; inspect for binarity, blending/crowding, pulsation, or non-single-star evolution before use",,,,,
Gaia EDR3 2051104964139549824,KIC 2437941,10.12,,,,8.91,,,,2022AcA....72...77S,NGC 6791 rotational cluster-member variables,Tier 3 - inspect before training,"cluster-member rotational variable at NGC 6791 age; variable-star catalog; inspect for binarity, blending/crowding, pulsation, or non-single-star evolution before use",,,,,
Gaia EDR3 2051104994200024448,KIC 2438113,5.80,,,,8.91,,,,2022AcA....72...77S,NGC 6791 rotational cluster-member variables,Tier 3 - inspect before training,"cluster-member rotational variable at NGC 6791 age; variable-star catalog; inspect for binarity, blending/crowding, pulsation, or non-single-star evolution before use",,,,,
Gaia EDR3 2051105097281783040,KIC 2438031,8.28,,,,8.91,,,,2022AcA....72...77S,NGC 6791 rotational cluster-member variables,Tier 3 - inspect before training,"cluster-member rotational variable at NGC 6791 age; variable-star catalog; inspect for binarity, blending/crowding, pulsation, or non-single-star evolution before use",,,,,
Gaia EDR3 2051105131636983808,KIC 2437646,13.23,,,,8.91,,,,2022AcA....72...77S,NGC 6791 rotational cluster-member variables,Tier 3 - inspect before training,"cluster-member rotational variable at NGC 6791 age; variable-star catalog; inspect for binarity, blending/crowding, pulsation, or non-single-star evolution before use",,,,,
Gaia EDR3 2051105234715895552,KIC 2437707,11.00,,,,8.91,,,,2022AcA....72...77S,NGC 6791 rotational cluster-member variables,Tier 3 - inspect before training,"cluster-member rotational variable at NGC 6791 age; variable-star catalog; inspect for binarity, blending/crowding, pulsation, or non-single-star evolution before use",,,,,
Gaia EDR3 2051105273377206784,KIC 2437801,7.19,,,,8.91,,,,2022AcA....72...77S,NGC 6791 rotational cluster-member variables,Tier 3 - inspect before training,"cluster-member rotational variable at NGC 6791 age; variable-star catalog; inspect for binarity, blending/crowding, pulsation, or non-single-star evolution before use",,,,,
Gaia EDR3 2051105342091728384,KIC 2437761,11.81,,,,8.91,,,,2022AcA....72...77S,NGC 6791 rotational cluster-member variables,Tier 3 - inspect before training,"cluster-member rotational variable at NGC 6791 age; variable-star catalog; inspect for binarity, blending/crowding, pulsation, or non-single-star evolution before use",,,,,
Gaia EDR3 2051105372154852736,KIC 2437849,11.02,,,,8.91,,,,2022AcA....72...77S,NGC 6791 rotational cluster-member variables,Tier 3 - inspect before training,"cluster-member rotational variable at NGC 6791 age; variable-star catalog; inspect for binarity, blending/crowding, pulsation, or non-single-star evolution before use",,,,,
Gaia EDR3 2051105372154855552,KIC 2437944,1.96,,,,8.91,,,,2022AcA....72...77S,NGC 6791 rotational cluster-member variables,Tier 3 - inspect before training,"cluster-member rotational variable at NGC 6791 age; variable-star catalog; inspect for binarity, blending/crowding, pulsation, or non-single-star evolution before use",,,,,
Gaia EDR3 2051105372157195264,,2.45,,,,8.91,,,,2022AcA....72...77S,NGC 6791 rotational cluster-member variables,Tier 3 - inspect before training,"cluster-member rotational variable at NGC 6791 age; variable-star catalog; inspect for binarity, blending/crowding, pulsation, or non-single-star evolution before use",,,,,
Gaia EDR3 2051105578318626304,KIC 2438569,7.00,,,,8.91,,,,2022AcA....72...77S,NGC 6791 rotational cluster-member variables,Tier 3 - inspect before training,"cluster-member rotational variable at NGC 6791 age; variable-star catalog; inspect for binarity, blending/crowding, pulsation, or non-single-star evolution before use",,,,,
Gaia EDR3 2051105612675379968,KIC 2438390,3.80,,,,8.91,,,,2022AcA....72...77S,NGC 6791 rotational cluster-member variables,Tier 3 - inspect before training,"cluster-member rotational variable at NGC 6791 age; variable-star catalog; inspect for binarity, blending/crowding, pulsation, or non-single-star evolution before use",,,,,
Gaia EDR3 2051105685689315968,KIC 2438129,16.58,,,,8.91,,,,2022AcA....72...77S,NGC 6791 rotational cluster-member variables,Tier 3 - inspect before training,"cluster-member rotational variable at NGC 6791 age; variable-star catalog; inspect for binarity, blending/crowding, pulsation, or non-single-star evolution before use",,,,,
Gaia EDR3 2051105784484742144,KIC 2570443,2.20,,,,8.91,,,,2022AcA....72...77S,NGC 6791 rotational cluster-member variables,Tier 3 - inspect before training,"cluster-member rotational variable at NGC 6791 age; variable-star catalog; inspect for binarity, blending/crowding, pulsation, or non-single-star evolution before use",,,,,
Gaia EDR3 2051105818833811584,KIC 2438344,7.74,,,,8.91,,,,2022AcA....72...77S,NGC 6791 rotational cluster-member variables,Tier 3 - inspect before training,"cluster-member rotational variable at NGC 6791 age; variable-star catalog; inspect for binarity, blending/crowding, pulsation, or non-single-star evolution before use",,,,,
Gaia EDR3 2051105857492894592,KIC 2570649,13.36,,,,8.91,,,,2022AcA....72...77S,NGC 6791 rotational cluster-member variables,Tier 3 - inspect before training,"cluster-member rotational variable at NGC 6791 age; variable-star catalog; inspect for binarity, blending/crowding, pulsation, or non-single-star evolution before use",,,,,
Gaia EDR3 2051105921913036160,KIC 2570622,9.57,,,,8.91,,,,2022AcA....72...77S,NGC 6791 rotational cluster-member variables,Tier 3 - inspect before training,"cluster-member rotational variable at NGC 6791 age; variable-star catalog; inspect for binarity, blending/crowding, pulsation, or non-single-star evolution before use",,,,,
Gaia EDR3 2051105926212896512,KIC 2570559,1.32,,,,8.91,,,,2022AcA....72...77S,NGC 6791 rotational cluster-member variables,Tier 3 - inspect before training,"cluster-member rotational variable at NGC 6791 age; variable-star catalog; inspect for binarity, blending/crowding, pulsation, or non-single-star evolution before use",,,,,
Gaia EDR3 2051107055787471104,KIC 2438631,7.36,,,,8.91,,,,2022AcA....72...77S,NGC 6791 rotational cluster-member variables,Tier 3 - inspect before training,"cluster-member rotational variable at NGC 6791 age; variable-star catalog; inspect for binarity, blending/crowding, pulsation, or non-single-star evolution before use",,,,,
Gaia EDR3 2051287002024520064,,10.86,,,,8.91,,,,2022AcA....72...77S,NGC 6791 rotational cluster-member variables,Tier 3 - inspect before training,"cluster-member rotational variable at NGC 6791 age; variable-star catalog; inspect for binarity, blending/crowding, pulsation, or non-single-star evolution before use",,,,,
Gaia EDR3 2051287066449451136,KIC 2436942,9.26,,,,8.91,,,,2022AcA....72...77S,NGC 6791 rotational cluster-member variables,Tier 3 - inspect before training,"cluster-member rotational variable at NGC 6791 age; variable-star catalog; inspect for binarity, blending/crowding, pulsation, or non-single-star evolution before use",,,,,
Gaia EDR3 2051287066449464064,KIC 2436959,2.65,,,,8.91,,,,2022AcA....72...77S,NGC 6791 rotational cluster-member variables,Tier 3 - inspect before training,"cluster-member rotational variable at NGC 6791 age; variable-star catalog; inspect for binarity, blending/crowding, pulsation, or non-single-star evolution before use",,,,,
Gaia EDR3 2051287070744003456,KIC 2436969,7.92,,,,8.91,,,,2022AcA....72...77S,NGC 6791 rotational cluster-member variables,Tier 3 - inspect before training,"cluster-member rotational variable at NGC 6791 age; variable-star catalog; inspect for binarity, blending/crowding, pulsation, or non-single-star evolution before use",,,,,
Gaia EDR3 2051287242549232384,KIC 2436767,12.32,,,,8.91,,,,2022AcA....72...77S,NGC 6791 rotational cluster-member variables,Tier 3 - inspect before training,"cluster-member rotational variable at NGC 6791 age; variable-star catalog; inspect for binarity, blending/crowding, pulsation, or non-single-star evolution before use",,,,,
Gaia EDR3 2051287895379273088,KIC 2436011,10.00,,,,8.91,,,,2022AcA....72...77S,NGC 6791 rotational cluster-member variables,Tier 3 - inspect before training,"cluster-member rotational variable at NGC 6791 age; variable-star catalog; inspect for binarity, blending/crowding, pulsation, or non-single-star evolution before use",,,,,
Gaia EDR3 2051288372119657728,KIC 2569185,13.43,,,,8.91,,,,2022AcA....72...77S,NGC 6791 rotational cluster-member variables,Tier 3 - inspect before training,"cluster-member rotational variable at NGC 6791 age; variable-star catalog; inspect for binarity, blending/crowding, pulsation, or non-single-star evolution before use",,,,,
Gaia EDR3 2051288376420896384,KIC 2569162,5.90,,,,8.91,,,,2022AcA....72...77S,NGC 6791 rotational cluster-member variables,Tier 3 - inspect before training,"cluster-member rotational variable at NGC 6791 age; variable-star catalog; inspect for binarity, blending/crowding, pulsation, or non-single-star evolution before use",,,,,
Gaia EDR3 2051291262638872192,KIC 2568864,14.42,,,,8.91,,,,2022AcA....72...77S,NGC 6791 rotational cluster-member variables,Tier 3 - inspect before training,"cluster-member rotational variable at NGC 6791 age; variable-star catalog; inspect for binarity, blending/crowding, pulsation, or non-single-star evolution before use",,,,,
Gaia EDR3 2051291503157017472,KIC 2568685,19.87,,,,8.91,,,,2022AcA....72...77S,NGC 6791 rotational cluster-member variables,Tier 3 - inspect before training,"cluster-member rotational variable at NGC 6791 age; variable-star catalog; inspect for binarity, blending/crowding, pulsation, or non-single-star evolution before use",,,,,
Gaia EDR3 2051292873245240192,KIC 2437350,16.82,,,,8.91,,,,2022AcA....72...77S,NGC 6791 rotational cluster-member variables,Tier 3 - inspect before training,"cluster-member rotational variable at NGC 6791 age; variable-star catalog; inspect for binarity, blending/crowding, pulsation, or non-single-star evolution before use",,,,,
Gaia EDR3 2051292911906089728,KIC 2437521,11.27,,,,8.91,,,,2022AcA....72...77S,NGC 6791 rotational cluster-member variables,Tier 3 - inspect before training,"cluster-member rotational variable at NGC 6791 age; variable-star catalog; inspect for binarity, blending/crowding, pulsation, or non-single-star evolution before use",,,,,
Gaia EDR3 2051292946259301504,KIC 2437092,3.20,,,,8.91,,,,2022AcA....72...77S,NGC 6791 rotational cluster-member variables,Tier 3 - inspect before training,"cluster-member rotational variable at NGC 6791 age; variable-star catalog; inspect for binarity, blending/crowding, pulsation, or non-single-star evolution before use",,,,,
Gaia EDR3 2051293014978876672,KIC 2437584,5.90,,,,8.91,,,,2022AcA....72...77S,NGC 6791 rotational cluster-member variables,Tier 3 - inspect before training,"cluster-member rotational variable at NGC 6791 age; variable-star catalog; inspect for binarity, blending/crowding, pulsation, or non-single-star evolution before use",,,,,
Gaia EDR3 2051293083704791040,KIC 2437354,7.21,,,,8.91,,,,2022AcA....72...77S,NGC 6791 rotational cluster-member variables,Tier 3 - inspect before training,"cluster-member rotational variable at NGC 6791 age; variable-star catalog; inspect for binarity, blending/crowding, pulsation, or non-single-star evolution before use",,,,,
Gaia EDR3 2051293113776412416,KIC 2437613,11.05,,,,8.91,,,,2022AcA....72...77S,NGC 6791 rotational cluster-member variables,Tier 3 - inspect before training,"cluster-member rotational variable at NGC 6791 age; variable-star catalog; inspect for binarity, blending/crowding, pulsation, or non-single-star evolution before use",,,,,
Gaia EDR3 2051293148133456896,KIC 2437062,8.82,,,,8.91,,,,2022AcA....72...77S,NGC 6791 rotational cluster-member variables,Tier 3 - inspect before training,"cluster-member rotational variable at NGC 6791 age; variable-star catalog; inspect for binarity, blending/crowding, pulsation, or non-single-star evolution before use",,,,,
Gaia EDR3 2051293152424243968,KIC 2436909,12.00,,,,8.91,,,,2022AcA....72...77S,NGC 6791 rotational cluster-member variables,Tier 3 - inspect before training,"cluster-member rotational variable at NGC 6791 age; variable-star catalog; inspect for binarity, blending/crowding, pulsation, or non-single-star evolution before use",,,,,
Gaia EDR3 2051293186783997056,,9.63,,,,8.91,,,,2022AcA....72...77S,NGC 6791 rotational cluster-member variables,Tier 3 - inspect before training,"cluster-member rotational variable at NGC 6791 age; variable-star catalog; inspect for binarity, blending/crowding, pulsation, or non-single-star evolution before use",,,,,
Gaia EDR3 2051293186784004096,KIC 2437238,4.00,,,,8.91,,,,2022AcA....72...77S,NGC 6791 rotational cluster-member variables,Tier 3 - inspect before training,"cluster-member rotational variable at NGC 6791 age; variable-star catalog; inspect for binarity, blending/crowding, pulsation, or non-single-star evolution before use",,,,,
Gaia EDR3 2051293255503480320,KIC 2437079,5.81,,,,8.91,,,,2022AcA....72...77S,NGC 6791 rotational cluster-member variables,Tier 3 - inspect before training,"cluster-member rotational variable at NGC 6791 age; variable-star catalog; inspect for binarity, blending/crowding, pulsation, or non-single-star evolution before use",,,,,
Gaia EDR3 2051293289863230720,KIC 2437338,1.24,,,,8.91,,,,2022AcA....72...77S,NGC 6791 rotational cluster-member variables,Tier 3 - inspect before training,"cluster-member rotational variable at NGC 6791 age; variable-star catalog; inspect for binarity, blending/crowding, pulsation, or non-single-star evolution before use",,,,,
Gaia EDR3 2051293319934813184,KIC 2569984,12.50,,,,8.91,,,,2022AcA....72...77S,NGC 6791 rotational cluster-member variables,Tier 3 - inspect before training,"cluster-member rotational variable at NGC 6791 age; variable-star catalog; inspect for binarity, blending/crowding, pulsation, or non-single-star evolution before use",,,,,
Gaia EDR3 2051293358583014528,KIC 2569763,8.29,,,,8.91,,,,2022AcA....72...77S,NGC 6791 rotational cluster-member variables,Tier 3 - inspect before training,"cluster-member rotational variable at NGC 6791 age; variable-star catalog; inspect for binarity, blending/crowding, pulsation, or non-single-star evolution before use",,,,,
Gaia EDR3 2051293392942762240,KIC 2569825,0.48,,,,8.91,,,,2022AcA....72...77S,NGC 6791 rotational cluster-member variables,Tier 3 - inspect before training,"cluster-member rotational variable at NGC 6791 age; variable-star catalog; inspect for binarity, blending/crowding, pulsation, or non-single-star evolution before use",,,,,
Gaia EDR3 2051293427302195584,KIC 2437884,3.23,,,,8.91,,,,2022AcA....72...77S,NGC 6791 rotational cluster-member variables,Tier 3 - inspect before training,"cluster-member rotational variable at NGC 6791 age; variable-star catalog; inspect for binarity, blending/crowding, pulsation, or non-single-star evolution before use",,,,,
Gaia EDR3 2051293530375009920,KIC 2570217,5.55,,,,8.91,,,,2022AcA....72...77S,NGC 6791 rotational cluster-member variables,Tier 3 - inspect before training,"cluster-member rotational variable at NGC 6791 age; variable-star catalog; inspect for binarity, blending/crowding, pulsation, or non-single-star evolution before use",,,,,
Gaia EDR3 2051293663519464192,KIC 2570420,19.96,,,,8.91,,,,2022AcA....72...77S,NGC 6791 rotational cluster-member variables,Tier 3 - inspect before training,"cluster-member rotational variable at NGC 6791 age; variable-star catalog; inspect for binarity, blending/crowding, pulsation, or non-single-star evolution before use",,,,,
Gaia EDR3 2051293977053182592,KIC 2436790,9.61,,,,8.91,,,,2022AcA....72...77S,NGC 6791 rotational cluster-member variables,Tier 3 - inspect before training,"cluster-member rotational variable at NGC 6791 age; variable-star catalog; inspect for binarity, blending/crowding, pulsation, or non-single-star evolution before use",,,,,
Gaia EDR3 2051294007116759808,KIC 2569597,7.17,,,,8.91,,,,2022AcA....72...77S,NGC 6791 rotational cluster-member variables,Tier 3 - inspect before training,"cluster-member rotational variable at NGC 6791 age; variable-star catalog; inspect for binarity, blending/crowding, pulsation, or non-single-star evolution before use",,,,,
Gaia EDR3 2051294148851985536,,9.66,,,,8.91,,,,2022AcA....72...77S,NGC 6791 rotational cluster-member variables,Tier 3 - inspect before training,"cluster-member rotational variable at NGC 6791 age; variable-star catalog; inspect for binarity, blending/crowding, pulsation, or non-single-star evolution before use",,,,,
Gaia EDR3 2051294148857020160,KIC 2569767,2.40,,,,8.91,,,,2022AcA....72...77S,NGC 6791 rotational cluster-member variables,Tier 3 - inspect before training,"cluster-member rotational variable at NGC 6791 age; variable-star catalog; inspect for binarity, blending/crowding, pulsation, or non-single-star evolution before use",,,,,
Gaia EDR3 2051294217574157440,,4.92,,,,8.91,,,,2022AcA....72...77S,NGC 6791 rotational cluster-member variables,Tier 3 - inspect before training,"cluster-member rotational variable at NGC 6791 age; variable-star catalog; inspect for binarity, blending/crowding, pulsation, or non-single-star evolution before use",,,,,
Gaia EDR3 2051294251931077888,KIC 2569279,1.14,,,,8.91,,,,2022AcA....72...77S,NGC 6791 rotational cluster-member variables,Tier 3 - inspect before training,"cluster-member rotational variable at NGC 6791 age; variable-star catalog; inspect for binarity, blending/crowding, pulsation, or non-single-star evolution before use",,,,,
Gaia EDR3 2051294281994746880,KIC 2569324,10.90,,,,8.91,,,,2022AcA....72...77S,NGC 6791 rotational cluster-member variables,Tier 3 - inspect before training,"cluster-member rotational variable at NGC 6791 age; variable-star catalog; inspect for binarity, blending/crowding, pulsation, or non-single-star evolution before use",,,,,
Gaia EDR3 2051294286296294528,KIC 2569334,6.29,,,,8.91,,,,2022AcA....72...77S,NGC 6791 rotational cluster-member variables,Tier 3 - inspect before training,"cluster-member rotational variable at NGC 6791 age; variable-star catalog; inspect for binarity, blending/crowding, pulsation, or non-single-star evolution before use",,,,,
Gaia EDR3 2051294797390943872,KIC 2569591,14.89,,,,8.91,,,,2022AcA....72...77S,NGC 6791 rotational cluster-member variables,Tier 3 - inspect before training,"cluster-member rotational variable at NGC 6791 age; variable-star catalog; inspect for binarity, blending/crowding, pulsation, or non-single-star evolution before use",,,,,
Gaia EDR3 2051296176081696768,KIC 2570281,14.42,,,,8.91,,,,2022AcA....72...77S,NGC 6791 rotational cluster-member variables,Tier 3 - inspect before training,"cluster-member rotational variable at NGC 6791 age; variable-star catalog; inspect for binarity, blending/crowding, pulsation, or non-single-star evolution before use",,,,,
Gaia DR3 861184515292492288,WD Gaia DR3 861184515291473536,26.70,,,,6.31,0.35,0.47,0.23,2024ApJ...977...15C,Chiti et al. 2024 wide WD+MS rotators,Tier 2 - independent WD-age wide-binary rotator,central WD total age >=5.5 Gyr; MS Teff=3239 K (M estimate); public table gives MS rotation period but not row-level survey source; Chiti source mix includes ASAS-SN among other surveys; WD spectral type=DZ,3239,M,white-dwarf total age transferred to coeval wide MS companion,photometric MS rotation period from Chiti et al. compiled multi-survey search; row-level survey source not in public MRT,https://content.cld.iop.org/journals/0004-637X/977/1/15/revision1/apjad856ct1_mrt.txt
Gaia DR3 1214994506568260608,WD Gaia DR3 1214994502274335360,46.60,,,,6.71,0.25,0.24,0.26,2024ApJ...977...15C,Chiti et al. 2024 wide WD+MS rotators,Tier 2 - independent WD-age wide-binary rotator,central WD total age >=5.5 Gyr; MS Teff=3495 K (M estimate); public table gives MS rotation period but not row-level survey source; Chiti source mix includes ASAS-SN among other surveys; WD spectral type=---,3495,M,white-dwarf total age transferred to coeval wide MS companion,photometric MS rotation period from Chiti et al. compiled multi-survey search; row-level survey source not in public MRT,https://content.cld.iop.org/journals/0004-637X/977/1/15/revision1/apjad856ct1_mrt.txt
Gaia DR3 2816359731303136384,WD Gaia DR3 2816359727009816960,29.80,,,,7.46,0.12,0.15,0.10,2024ApJ...977...15C,Chiti et al. 2024 wide WD+MS rotators,Tier 2 - independent WD-age wide-binary rotator,central WD total age >=5.5 Gyr; MS Teff=3151 K (M estimate); public table gives MS rotation period but not row-level survey source; Chiti source mix includes ASAS-SN among other surveys; WD spectral type=---,3151,M,white-dwarf total age transferred to coeval wide MS companion,photometric MS rotation period from Chiti et al. compiled multi-survey search; row-level survey source not in public MRT,https://content.cld.iop.org/journals/0004-637X/977/1/15/revision1/apjad856ct1_mrt.txt
Gaia DR3 3369544303487186560,WD Gaia DR3 3369544234764481024,13.40,,,,7.07,1.11,1.89,0.33,2024ApJ...977...15C,Chiti et al. 2024 wide WD+MS rotators,Tier 2 - independent WD-age wide-binary rotator,central WD total age >=5.5 Gyr; MS Teff=3278 K (M estimate); public table gives MS rotation period but not row-level survey source; Chiti source mix includes ASAS-SN among other surveys; WD spectral type=DA,3278,M,white-dwarf total age transferred to coeval wide MS companion,photometric MS rotation period from Chiti et al. compiled multi-survey search; row-level survey source not in public MRT,https://content.cld.iop.org/journals/0004-637X/977/1/15/revision1/apjad856ct1_mrt.txt
Gaia DR3 6236729088627705216,WD Gaia DR3 6236729329145889792,26.00,,,,6.78,0.18,0.22,0.15,2024ApJ...977...15C,Chiti et al. 2024 wide WD+MS rotators,Tier 2 - independent WD-age wide-binary rotator,central WD total age >=5.5 Gyr; MS Teff=5437 K (G estimate); public table gives MS rotation period but not row-level survey source; Chiti source mix includes ASAS-SN among other surveys; WD spectral type=DA,5437,G,white-dwarf total age transferred to coeval wide MS companion,photometric MS rotation period from Chiti et al. compiled multi-survey search; row-level survey source not in public MRT,https://content.cld.iop.org/journals/0004-637X/977/1/15/revision1/apjad856ct1_mrt.txt
KIC 6196457,KOI/Kepler planet host; Ceillier row 2,16.42,1.22,1.22,1.22,5.51,0.32,0.32,0.32,2016MNRAS.456..119C,Ceillier et al. 2016 Kepler asteroseismic surface-rotation sample,Tier 2 - Kepler surface-rotation old FGK asteroseismic,central age >=5.5 Gyr; old asteroseismic KOI; surface spot period; spot/surface rotation is more detection-biased than seismic splitting but uses long Kepler baseline; Teff=5871 K (G estimate),5871,G,asteroseismic age,Kepler surface rotation from spot modulation except 16 Cyg A/B seismic-splitting periods as noted,https://academic.oup.com/mnras/article/456/1/119/1064136
KIC 6521045,KOI/Kepler-100 host; Ceillier row 3,25.34,2.78,2.78,2.78,6.24,0.64,0.64,0.64,2016MNRAS.456..119C,Ceillier et al. 2016 Kepler asteroseismic surface-rotation sample,Tier 2 - Kepler surface-rotation old FGK asteroseismic,central age >=5.5 Gyr; old asteroseismic KOI; duplicate star has seismic-splitting row in this CSV; spot/surface rotation is more detection-biased than seismic splitting but uses long Kepler baseline; Teff=5825 K (G estimate),5825,G,asteroseismic age,Kepler surface rotation from spot modulation except 16 Cyg A/B seismic-splitting periods as noted,https://academic.oup.com/mnras/article/456/1/119/1064136
KIC 8349582,KOI/Kepler-95 host; Ceillier row 4,51.02,1.45,1.45,1.45,7.93,0.62,0.62,0.62,2016MNRAS.456..119C,Ceillier et al. 2016 Kepler asteroseismic surface-rotation sample,Tier 2 - Kepler surface-rotation old FGK asteroseismic,central age >=5.5 Gyr; old asteroseismic KOI; duplicate star has seismic-splitting row in this CSV; spot/surface rotation is more detection-biased than seismic splitting but uses long Kepler baseline; Teff=5699 K (G estimate),5699,G,asteroseismic age,Kepler surface rotation from spot modulation except 16 Cyg A/B seismic-splitting periods as noted,https://academic.oup.com/mnras/article/456/1/119/1064136
KIC 9955598,KOI/Kepler-409 host; Ceillier row 6,34.75,6.31,6.31,6.31,6.43,0.40,0.40,0.40,2016MNRAS.456..119C,Ceillier et al. 2016 Kepler asteroseismic surface-rotation sample,Tier 2 - Kepler surface-rotation old FGK asteroseismic,central age >=5.5 Gyr; old asteroseismic KOI; duplicate star has seismic-splitting row in this CSV; spot/surface rotation is more detection-biased than seismic splitting but uses long Kepler baseline; Teff=5460 K (G estimate),5460,G,asteroseismic age,Kepler surface rotation from spot modulation except 16 Cyg A/B seismic-splitting periods as noted,https://academic.oup.com/mnras/article/456/1/119/1064136
KIC 10586004,Ceillier row 7,29.79,1.02,1.02,1.02,6.35,1.03,1.03,1.03,2016MNRAS.456..119C,Ceillier et al. 2016 Kepler asteroseismic surface-rotation sample,Tier 2 - Kepler surface-rotation old FGK asteroseismic,central age >=5.5 Gyr; old asteroseismic KOI; duplicate star has seismic-splitting row in this CSV; spot/surface rotation is more detection-biased than seismic splitting but uses long Kepler baseline; Teff=5770 K (G estimate),5770,G,asteroseismic age,Kepler surface rotation from spot modulation except 16 Cyg A/B seismic-splitting periods as noted,https://academic.oup.com/mnras/article/456/1/119/1064136
KIC 11401755,Ceillier row 9,17.04,0.98,0.98,0.98,5.85,1.37,1.37,1.37,2016MNRAS.456..119C,Ceillier et al. 2016 Kepler asteroseismic surface-rotation sample,Tier 2 - Kepler surface-rotation old FGK asteroseismic,central age >=5.5 Gyr; old asteroseismic KOI; duplicate star has seismic-splitting row in this CSV; spot/surface rotation is more detection-biased than seismic splitting but uses long Kepler baseline; Teff=5911 K (G estimate),5911,G,asteroseismic age,Kepler surface rotation from spot modulation except 16 Cyg A/B seismic-splitting periods as noted,https://academic.oup.com/mnras/article/456/1/119/1064136
16 Cyg A,KIC 12069424; Ceillier control row A,23.80,1.80,1.80,1.80,6.80,0.40,0.40,0.40,2016MNRAS.456..119C,Ceillier et al. 2016 Kepler asteroseismic surface-rotation sample,Tier 2 - Kepler surface-rotation old FGK asteroseismic,central age >=5.5 Gyr; asteroseismic control star; period from p-mode splittings; treat as outer-envelope/seismic rotation; spot/surface rotation is more detection-biased than seismic splitting but uses long Kepler baseline; Teff=5825 K (G estimate),5825,G,asteroseismic age,Kepler surface rotation from spot modulation except 16 Cyg A/B seismic-splitting periods as noted,https://academic.oup.com/mnras/article/456/1/119/1064136
16 Cyg B,KIC 12069449; Ceillier control row B,23.20,6.00,6.00,6.00,6.80,0.40,0.40,0.40,2016MNRAS.456..119C,Ceillier et al. 2016 Kepler asteroseismic surface-rotation sample,Tier 2 - Kepler surface-rotation old FGK asteroseismic,central age >=5.5 Gyr; asteroseismic control star; period from p-mode splittings; treat as outer-envelope/seismic rotation; spot/surface rotation is more detection-biased than seismic splitting but uses long Kepler baseline; Teff=5750 K (G estimate),5750,G,asteroseismic age,Kepler surface rotation from spot modulation except 16 Cyg A/B seismic-splitting periods as noted,https://academic.oup.com/mnras/article/456/1/119/1064136
KIC 3656476,Ceillier control row D; Mathur et al. age source flag in table,31.67,3.53,3.53,3.53,7.71,0.22,0.22,0.22,2016MNRAS.456..119C,Ceillier et al. 2016 Kepler asteroseismic surface-rotation sample,Tier 2 - Kepler surface-rotation old FGK asteroseismic,central age >=5.5 Gyr; asteroseismic control sample; duplicate star has seismic-splitting row in this CSV; spot/surface rotation is more detection-biased than seismic splitting but uses long Kepler baseline; Teff=5710 K (G estimate),5710,G,asteroseismic age,Kepler surface rotation from spot modulation except 16 Cyg A/B seismic-splitting periods as noted,https://academic.oup.com/mnras/article/456/1/119/1064136
KIC 6116048,Ceillier control row F,17.26,1.96,1.96,1.96,6.23,0.37,0.37,0.37,2016MNRAS.456..119C,Ceillier et al. 2016 Kepler asteroseismic surface-rotation sample,Tier 2 - Kepler surface-rotation old FGK asteroseismic,central age >=5.5 Gyr; asteroseismic control sample; duplicate star has seismic-splitting row in this CSV; spot/surface rotation is more detection-biased than seismic splitting but uses long Kepler baseline; Teff=5935 K (G estimate),5935,G,asteroseismic age,Kepler surface rotation from spot modulation except 16 Cyg A/B seismic-splitting periods as noted,https://academic.oup.com/mnras/article/456/1/119/1064136
KIC 7680114,Ceillier control row G; Mathur et al. age source flag in table,26.31,1.86,1.86,1.86,5.92,0.20,0.20,0.20,2016MNRAS.456..119C,Ceillier et al. 2016 Kepler asteroseismic surface-rotation sample,Tier 2 - Kepler surface-rotation old FGK asteroseismic,central age >=5.5 Gyr; asteroseismic control sample; duplicate star has seismic-splitting row in this CSV; spot/surface rotation is more detection-biased than seismic splitting but uses long Kepler baseline; Teff=5855 K (G estimate),5855,G,asteroseismic age,Kepler surface rotation from spot modulation except 16 Cyg A/B seismic-splitting periods as noted,https://academic.oup.com/mnras/article/456/1/119/1064136
KIC 7871531,Ceillier control row H,33.72,2.60,2.60,2.60,9.15,0.47,0.47,0.47,2016MNRAS.456..119C,Ceillier et al. 2016 Kepler asteroseismic surface-rotation sample,Tier 2 - Kepler surface-rotation old FGK asteroseismic,central age >=5.5 Gyr; asteroseismic control sample; duplicate star has seismic-splitting row in this CSV; spot/surface rotation is more detection-biased than seismic splitting but uses long Kepler baseline; Teff=5400 K (G estimate),5400,G,asteroseismic age,Kepler surface rotation from spot modulation except 16 Cyg A/B seismic-splitting periods as noted,https://academic.oup.com/mnras/article/456/1/119/1064136
KIC 9098294,Ceillier control row K,19.79,1.33,1.33,1.33,7.28,0.51,0.51,0.51,2016MNRAS.456..119C,Ceillier et al. 2016 Kepler asteroseismic surface-rotation sample,Tier 2 - Kepler surface-rotation old FGK asteroseismic,central age >=5.5 Gyr; asteroseismic control sample; duplicate star has seismic-splitting row in this CSV; spot/surface rotation is more detection-biased than seismic splitting but uses long Kepler baseline; Teff=5840 K (G estimate),5840,G,asteroseismic age,Kepler surface rotation from spot modulation except 16 Cyg A/B seismic-splitting periods as noted,https://academic.oup.com/mnras/article/456/1/119/1064136
KIC 11244118,Ceillier control row O,23.17,3.89,3.89,3.89,6.43,0.58,0.58,0.58,2016MNRAS.456..119C,Ceillier et al. 2016 Kepler asteroseismic surface-rotation sample,Tier 2 - Kepler surface-rotation old FGK asteroseismic,central age >=5.5 Gyr; asteroseismic control sample; surface spot period; spot/surface rotation is more detection-biased than seismic splitting but uses long Kepler baseline; Teff=5745 K (G estimate),5745,G,asteroseismic age,Kepler surface rotation from spot modulation except 16 Cyg A/B seismic-splitting periods as noted,https://academic.oup.com/mnras/article/456/1/119/1064136
HD 219134,HR 8832; GJ 892,41.00,2.40,2.40,2.40,10.151,1.722,1.722,1.722,2025ApJ...984..125L,HD 219134 nearby asteroseismic K-dwarf benchmark,Tier 1 - high-trust old FGK asteroseismic,asteroseismic age from five pipelines; stat and systematic age errors combined in quadrature for symmetric CSV error columns; rotation period from long-baseline activity/RV indicator modeling; Teff cooler than 5000 K K dwarf benchmark,4835,K,asteroseismic age; statistical+systematic errors combined in quadrature,"activity-index / GP rotation period from HARPS, HIRES, and APF time series",https://arxiv.org/abs/2502.00971
